gene	log2FC	pvalue	padjs
Gbp6	0.203	0.812	0.812
Camta1	0.439	0.464	0.464
Thoc2	-0.035	0.805	0.805
Chrm4	-0.355	0.0801	0.0801
Drg1	-0.05	0.593	0.593
Serpinc1	0.367	0.136	0.136
Vip	1.536	0.0112	0.0112
Pvalb	-0.046	0.652	0.652
Kras	0.017	0.727	0.727
Wars1	-0.007	0.901	0.901
Kif1a	0.015	0.78	0.78
Kif5a	0.139	0.0914	0.0914
Dlgap4	-0.095	0.218	0.218
Ranbp1	0.076	0.138	0.138
Ptk2	0.135	0.0533	0.0533
Mif	0.042	0.523	0.523
Ephx2	-0.088	0.234	0.234
Apoc1	0.631	0.061	0.061
Usp4	-0.109	0.176	0.176
Ptpn11	-0.049	0.343	0.343
Rab5c	0.076	0.182	0.182
Rab6a	-0.042	0.405	0.405
Rab21	0.001	0.99	0.99
Cad	-0.019	0.822	0.822
Rab12	0.025	0.689	0.689
Rab22a	-0.177	0.124	0.124
Rab23	0.09	0.237	0.237
Rab24	0.084	0.181	0.181
Rab18	-0.028	0.647	0.647
Crhr1	-0.128	0.665	0.665
Grin2a	0.082	0.274	0.274
Grin1	0.024	0.688	0.688
Pdha1	0.048	0.336	0.336
Ythdc2	0.005	0.939	0.939
Fah	-0.069	0.386	0.386
Fbl	0.047	0.602	0.602
Kcnj2	-0.073	0.766	0.766
Canx	-0.086	0.175	0.175
Irs1	0.283	0.254	0.254
Ap1m1	-0.054	0.338	0.338
Prdx1	0.007	0.906	0.906
Cd81	0.06	0.611	0.611
Gpm6a	-0.025	0.682	0.682
Gpm6b	0.007	0.877	0.877
Ptpn1	0.13	0.338	0.338
Ptprk	0.04	0.765	0.765
Fmr1	-0.138	0.133	0.133
Rpl12	-0.078	0.138	0.138
Rpl18	-0.299	0.138	0.138
Sar1a	0.204	0.263	0.263
Cpox	-0.116	0.18	0.18
Bmpr1a	0.006	0.982	0.982
Gnl1	0.013	0.791	0.791
Otud4	-0.041	0.829	0.829
Ppm1b	-0.239	0.00808	0.00808
Por	0.108	0.0913	0.0913
Acvr1	-0.388	0.0835	0.0835
Tagln	0.735	0.0458	0.0458
Hmgcl	-0.033	0.527	0.527
Ttl	-0.187	0.171	0.171
Hspa9	0.056	0.248	0.248
Cdh4	0.367	0.0119	0.0119
Dnm1	0.02	0.693	0.693
Dnm2	-0.002	0.97	0.97
Gnai1	-0.027	0.66	0.66
Col18a1	0.452	0.204	0.204
Grik2	0.036	0.663	0.663
Man1a2	-0.367	0.64	0.64
Tjp1	-0.018	0.756	0.756
Fyn	-0.066	0.212	0.212
Fen1	-0.22	0.142	0.142
Cap1	0.016	0.784	0.784
Tkt	-0.003	0.952	0.952
Cd82	-0.109	0.576	0.576
Cd9	0.017	0.913	0.913
Apba1	0.032	0.541	0.541
Vps26a	-0.059	0.269	0.269
Vhl	0.374	0.107	0.107
Tfam	0.002	0.971	0.971
Inmt	-0.078	0.864	0.864
Rpl28	-0.033	0.875	0.875
Bcl6	0.566	0.0124	0.0124
Acsl1	0.071	0.231	0.231
Abca2	-0.042	0.696	0.696
Csk	-0.268	0.141	0.141
Matk	0.381	0.00302	0.00302
Unc13d	0.076	0.595	0.595
Pbx1	0.06	0.655	0.655
Eci1	0.102	0.296	0.296
Foxk1	0.052	0.63	0.63
Septin2	0.016	0.886	0.886
Stat1	-0.807	0.101	0.101
Stat3	-0.059	0.808	0.808
Stat5b	-0.022	0.868	0.868
Pik3ca	-0.101	0.266	0.266
Eps15	-0.085	0.319	0.319
Pura	-0.011	0.809	0.809
Otud7b	0.011	0.971	0.971
Lifr	-0.177	0.66	0.66
Htt	0.025	0.592	0.592
Cct8	-0.015	0.758	0.758
Slc1a2	0.11	0.145	0.145
Cox6a1	0.333	0.00101	0.00101
Msh2	-0.149	0.61	0.61
H1-4	-0.15	0.458	0.458
H1-1	-0.426	0.0949	0.0949
H1-5	-0.201	0.167	0.167
H1-3	-0.367	0.000519	0.000519
Chd5	-0.416	0.0188	0.0188
Tmem240	0.333	0.0818	0.0818
Egr3	-0.78	0.00854	0.00854
Itgav	0.032	0.538	0.538
Akr1b1	0.036	0.478	0.478
Akr1b8	0.111	0.138	0.138
Crebbp	-0.213	0.506	0.506
Cfl2	-0.023	0.657	0.657
Fkbp2	-0.082	0.364	0.364
Acadm	0.017	0.776	0.776
Rangap1	-0.011	0.816	0.816
Sipa1	-0.083	0.799	0.799
Trappc11	-0.076	0.15	0.15
Syt1	0.019	0.754	0.754
Syt2	0.085	0.486	0.486
Gpx3	0.541	0.0206	0.0206
Cdkn1b	0.11	0.193	0.193
Nsf	0.017	0.714	0.714
Vps4b	0.059	0.538	0.538
Psmc2	0.007	0.897	0.897
Rab11b	-0.043	0.414	0.414
Fdx1	0.26	0.356	0.356
Ina	-0.108	0.33	0.33
Ankrd44	-0.244	0.441	0.441
Nf2	-0.263	0.202	0.202
Adss2	-0.071	0.178	0.178
Pdcd2	0.075	0.61	0.61
Myo1b	-0.166	0.0904	0.0904
Brcc3	0.043	0.738	0.738
Nedd4	-0.081	0.162	0.162
Yap1	0.394	0.0747	0.0747
Stt3a	-0.288	0.00833	0.00833
Cryz	0.16	0.147	0.147
Rph3a	-0.042	0.44	0.44
Plxnb2	-0.03	0.689	0.689
Aldh2	0.053	0.395	0.395
Aldh3a2	0	0.996	0.996
Grm8	0.138	0.0954	0.0954
Cnr1	0.143	0.247	0.247
Capza1	0.105	0.221	0.221
Capza2	0.013	0.804	0.804
Capzb	0.029	0.55	0.55
Srprb	-0.305	0.0236	0.0236
Nsg2	0.122	0.188	0.188
Gsr	0.133	0.0912	0.0912
Rbm25	0.048	0.377	0.377
Mtx1	0.098	0.0984	0.0984
Map2k4	-0.057	0.414	0.414
Mapk14	-0.225	0.451	0.451
Gfpt1	0	1	1
Pfkm	-0.005	0.928	0.928
Scg3	0.14	0.285	0.285
Igfbp4	-0.42	0.119	0.119
Igfbp6	0.151	0.459	0.459
Rpl6	-0.238	0.311	0.311
Rpl29	-0.284	0.103	0.103
Ildr2	0.013	0.863	0.863
Crat	0.074	0.247	0.247
Crkl	-0.006	0.911	0.911
Rplp1	-0.081	0.906	0.906
Rpl5	0.035	0.614	0.614
Rpl13	-0.172	0.101	0.101
Rpl36	-0.027	0.717	0.717
Eif1	-0.137	0.158	0.158
Anxa5	-0.064	0.279	0.279
Glrb	0.07	0.795	0.795
Xpnpep3	-0.011	0.886	0.886
Epb41	0.19	0.228	0.228
Gad1	0.014	0.86	0.86
Gad2	0.159	0.0146	0.0146
Tbca	-0.214	0.137	0.137
Ppp3cb	0.056	0.277	0.277
Ppp3cc	0.11	0.477	0.477
Kcnj6	-0.13	0.414	0.414
Kcnj9	-0.278	0.0424	0.0424
Lmna	0.038	0.567	0.567
Hspa4l	-0.003	0.954	0.954
Amn1	-0.26	0.704	0.704
Cbr1	0.011	0.809	0.809
Cox7a2	0.176	0.0531	0.0531
Gstm5	0.071	0.423	0.423
Slc25a4	-0.036	0.538	0.538
Cit	0.045	0.546	0.546
Camlg	-0.022	0.898	0.898
Nr2c2	0.136	0.669	0.669
Epb42	0.38	0.169	0.169
Clip3	-0.212	0.0436	0.0436
Hnrnpa1	0.019	0.735	0.735
Inpp1	0.028	0.653	0.653
Ppm1a	-0.131	0.0888	0.0888
Ptpre	-0.034	0.811	0.811
Pcyt1a	-0.14	0.538	0.538
Cdk5	0.04	0.403	0.403
Hcls1	-0.176	0.351	0.351
Psma2	-0.038	0.525	0.525
Psen1	0.06	0.463	0.463
Tmod1	0.033	0.603	0.603
Pdzd8	-0.102	0.323	0.323
Cav1	0.332	0.105	0.105
Srp9	-0.138	0.452	0.452
Impdh1	0.072	0.575	0.575
S100b	-0.009	0.908	0.908
Bckdha	0.041	0.667	0.667
Gng4	0.003	0.967	0.967
Hsd17b8	-0.112	0.267	0.267
Hsd11b1	-0.447	0.0313	0.0313
Ahcy	0.052	0.276	0.276
Fmo1	-0.049	0.756	0.756
Ptprf	-0.131	0.179	0.179
Osbpl8	-0.056	0.417	0.417
Gdi1	-0.064	0.242	0.242
Arsa	0.076	0.304	0.304
Arsb	0.015	0.826	0.826
Atp6v1a	-0.003	0.942	0.942
Atp6v1e1	0.074	0.172	0.172
Acadvl	0.137	0.105	0.105
Gabrb1	0.064	0.432	0.432
Pa2g4	-0.08	0.116	0.116
Tub	-0.117	0.537	0.537
Fmod	0.051	0.886	0.886
Cttnbp2	0.055	0.385	0.385
Cast	-0.008	0.942	0.942
Dvl1	0.495	0.025	0.025
Rab7a	-0.043	0.447	0.447
Uros	-0.08	0.532	0.532
Acadl	0.051	0.424	0.424
Ppox	0.125	0.237	0.237
Rpl9	-0.123	0.104	0.104
Plcb3	-0.067	0.545	0.545
Gla	0.117	0.372	0.372
Gpc4	-0.032	0.807	0.807
Tmem229a	0.001	0.998	0.998
Hsd17b4	0.064	0.246	0.246
Clcn3	-0.035	0.71	0.71
Adcy9	0.038	0.578	0.578
Gss	-0.073	0.18	0.18
Hdgf	-0.086	0.325	0.325
Atp6v0d1	0.036	0.7	0.7
Fabp7	0.15	0.254	0.254
Slc25a5	-0.16	0.0554	0.0554
Lum	-0.954	0.0529	0.0529
Tmf1	-0.416	0.0615	0.0615
Slc1a1	-0.082	0.8	0.8
Apod	-0.125	0.64	0.64
Mnat1	0.032	0.936	0.936
Nek1	-0.292	0.307	0.307
Kcnj4	0.166	0.113	0.113
Tst	-0.038	0.551	0.551
Kpna2	0.458	0.145	0.145
Jak1	-0.185	0.0438	0.0438
Polr1c	-0.406	0.0506	0.0506
Usp10	-0.022	0.833	0.833
Ptprz1	-0.039	0.422	0.422
Pkm	-0.078	0.14	0.14
Ube2e1	0.195	0.314	0.314
Ube2e3	-0.302	0.156	0.156
Ndufs6	-0.007	0.918	0.918
Uck1	0.26	0.089	0.089
Upp1	-0.237	0.185	0.185
Fgd1	0.279	0.56	0.56
Rida	0.043	0.671	0.671
Gck	-0.524	0.00698	0.00698
Efnb1	-0.031	0.786	0.786
Arxes1	0.02	0.849	0.849
Efnb2	-0.074	0.602	0.602
Cpt2	0.125	0.113	0.113
Tmem165	-0.205	0.264	0.264
Rpl10a	-0.052	0.322	0.322
Dbt	0.034	0.79	0.79
Cux1	0.115	0.722	0.722
Rabggtb	-0.054	0.315	0.315
Limk1	0.002	0.994	0.994
Hccs	-0.06	0.38	0.38
Mfap1a	0.037	0.85	0.85
Fdft1	0.166	0.613	0.613
Pitpna	0.053	0.41	0.41
Pitpnb	0.028	0.581	0.581
Slc16a1	-0.067	0.335	0.335
Rab2a	0.022	0.67	0.67
Anapc1	-0.355	0.084	0.084
Cnbp	-0.257	0.127	0.127
Idh2	0.153	0.0748	0.0748
Dnajc2	-0.074	0.669	0.669
Stom	0.134	0.381	0.381
H2ac4	0.561	0.183	0.183
Stmn1	0.038	0.639	0.639
Atxn1	-0.018	0.932	0.932
Msh6	0.506	0.389	0.389
Cacnb3	-0.07	0.377	0.377
Lipe	0.131	0.67	0.67
Rad23a	0.085	0.524	0.524
Rad23b	-0.058	0.261	0.261
Nub1	0.143	0.246	0.246
Faf1	-0.133	0.333	0.333
Ephb3	-0.002	0.974	0.974
Rnaset2a	0.184	0.487	0.487
Ephb2	-0.018	0.851	0.851
Psmc4	-0.027	0.597	0.597
Tango2	0.336	0.0172	0.0172
Galc	0	0.999	0.999
Adsl	-0.139	0.0357	0.0357
Ddx6	0.004	0.945	0.945
Ptpn5	-0.129	0.053	0.053
Adprh	-0.04	0.569	0.569
Slc12a2	-0.027	0.712	0.712
Slc35g2	0.511	0.0145	0.0145
Pltp	-0.275	0.103	0.103
Ncan	0.033	0.681	0.681
Aqp4	0.057	0.489	0.489
Abcd3	0.028	0.681	0.681
Tyro3	-0.156	0.236	0.236
Sh3bp1	0.199	0.359	0.359
Kmt2a	-0.938	0.000586	0.000586
Rab8a	-0.025	0.671	0.671
Adk	-0.098	0.0838	0.0838
Cdh11	0.034	0.747	0.747
Tmem201	0.071	0.704	0.704
Akap5	-0.004	0.937	0.937
Lrpap1	-0.004	0.945	0.945
Entpd1	-0.163	0.619	0.619
Stmn2	0.163	0.5	0.5
Golga3	-0.193	0.239	0.239
Atp5mf	-0.363	0.0839	0.0839
Rrp1	0.157	0.322	0.322
Arpp19	-0.034	0.556	0.556
Gfer	0.085	0.14	0.14
Rab4a	-0.21	0.0724	0.0724
Acyp2	-0.005	0.924	0.924
Dgki	0.054	0.272	0.272
Acyp1	0.01	0.818	0.818
Atp5mj	0.152	0.0836	0.0836
Nudt2	0.064	0.626	0.626
Atp5f1e	0.076	0.309	0.309
Atp5mc2	-0.127	0.619	0.619
Dynlt3	-0.161	0.292	0.292
Cda	-0.552	0.0065	0.0065
Cox6b1	0	0.995	0.995
Cox7a1	-0.138	0.434	0.434
Cox7b	-0.047	0.66	0.66
Dgkh	-0.017	0.731	0.731
Cox17	0.04	0.743	0.743
Cyb5a	-0.06	0.336	0.336
Usp5	-0.053	0.311	0.311
Atp5f1b	0.06	0.264	0.264
Cckbr	-0.326	0.183	0.183
Ctbp2	-0.515	0.00059	0.00059
Slc1a3	0.067	0.24	0.24
S100a1	-0.15	0.206	0.206
Safb	0.041	0.393	0.393
Wfs1	0.066	0.495	0.495
Pdcd5	-0.063	0.339	0.339
Bace1	-0.171	0.291	0.291
Znrd2	-0.095	0.331	0.331
Pmch	-0.1	0.638	0.638
Fus	0.044	0.358	0.358
Usp25	0.26	0.086	0.086
Ncstn	0.049	0.62	0.62
Pcbp3	0.017	0.842	0.842
Pgbd5	-0.203	0.0621	0.0621
Pcbp4	-0.136	0.481	0.481
Atp6v1d	0.003	0.959	0.959
Erp29	-0.112	0.21	0.21
Npy	-0.05	0.774	0.774
Eef1d	-0.007	0.921	0.921
Actn4	0.027	0.623	0.623
Snrpa1	-0.096	0.246	0.246
Tm9sf2	-0.105	0.213	0.213
Idi1	-0.253	0.0339	0.0339
Nadk	-0.459	0.115	0.115
Ccdc6	0.1	0.156	0.156
Mrps21	0.204	0.0553	0.0553
Mrps6	-0.002	0.988	0.988
Rasa2	0.144	0.311	0.311
Acot8	0.319	0.0476	0.0476
B3gat3	0.045	0.642	0.642
Eef2	-0.032	0.577	0.577
Opa1	-0.002	0.966	0.966
Ptpa	-0.033	0.618	0.618
Shank1	0.034	0.49	0.49
Kcnn2	-0.129	0.716	0.716
Strn4	-0.017	0.775	0.775
Ctdsp1	0.637	0.12	0.12
Slx9	0.407	0.38	0.38
Bbln	-0.078	0.549	0.549
Aaas	-0.441	0.0358	0.0358
Tpm1	0.067	0.23	0.23
Tpm2	0.756	0.00938	0.00938
Tbc1d10a	-0.012	0.872	0.872
Rbm24	0.232	0.406	0.406
Tubgcp3	0.008	0.936	0.936
Tnks1bp1	-0.119	0.0579	0.0579
Gmeb2	0.374	0.435	0.435
Vps33b	-0.172	0.0111	0.0111
Bcl2l13	0	1	1
Dnajc30	0.053	0.816	0.816
Cpne2	-0.022	0.766	0.766
Pcif1	0.248	0.0581	0.0581
Nup43	-0.197	0.389	0.389
Ptrhd1	0.068	0.506	0.506
Nphp4	-0.631	0.149	0.149
Rab2b	-0.217	0.182	0.182
Arhgap39	0.038	0.597	0.597
Eif5	0.082	0.329	0.329
Ythdf1	0.076	0.763	0.763
Lman2l	-0.258	0.0543	0.0543
Inpp5j	-0.048	0.662	0.662
Fxyd7	-0.164	0.113	0.113
Anks1a	-0.094	0.688	0.688
Sf3b6	-0.33	0.0149	0.0149
Bin2	-0.323	0.391	0.391
Mrtfb	0.029	0.564	0.564
Dock4	0.026	0.668	0.668
Sash1	-0.359	0.126	0.126
Il1rapl1	-0.016	0.865	0.865
Pcmtd1	0.176	0.11	0.11
Arpc4	-0.058	0.399	0.399
Sst	0.468	0.0205	0.0205
Ruvbl1	0.062	0.227	0.227
Rims4	0.276	0.00283	0.00283
Plp1	-0.097	0.572	0.572
Osbpl9	0.069	0.766	0.766
Gsg1l	0.043	0.654	0.654
Eif3e	-0.032	0.592	0.592
Pcbp1	0.011	0.809	0.809
Ppfia3	-0.003	0.942	0.942
Pdxp	0.013	0.826	0.826
Gabarapl2	0.032	0.531	0.531
Romo1	-0.219	0.0998	0.0998
Ube2g2	-0.316	0.0435	0.0435
Nploc4	-0.159	0.039	0.039
Actb	-0.012	0.814	0.814
Mdga2	-0.202	0.11	0.11
Gls	0.02	0.701	0.701
Nrgn	-0.422	0.0321	0.0321
Morf4l1	0.019	0.956	0.956
Rac3	0.121	0.267	0.267
Cdc42	-0.021	0.74	0.74
Cirbp	-0.009	0.906	0.906
Ensa	-0.008	0.901	0.901
Eif4a1	0.014	0.808	0.808
Lzts1	-0.101	0.541	0.541
Rps20	-0.033	0.595	0.595
Snap25	-0.013	0.822	0.822
Smim20	-0.186	0.061	0.061
Megf8	0.251	0.1	0.1
Dnajc5	0.141	0.0584	0.0584
Nol4	-0.02	0.941	0.941
Rab5b	0.097	0.148	0.148
Chp1	-0.034	0.724	0.724
Rab10	-0.051	0.353	0.353
Rab8b	0.018	0.798	0.798
Ube2d3	0.004	0.94	0.94
Ube2d1	0.117	0.599	0.599
Ube2m	-0.09	0.193	0.193
Ube2k	0.057	0.265	0.265
Ube2n	-0.054	0.299	0.299
Fgf1	0.242	0.00518	0.00518
Actr2	0.047	0.354	0.354
Actr1a	-0.049	0.336	0.336
Cops2	0.007	0.918	0.918
Arl1	-0.074	0.354	0.354
Ca10	-0.055	0.428	0.428
Abce1	-0.028	0.621	0.621
Klhl3	0.065	0.751	0.751
Rap2b	0.038	0.543	0.543
Rpl26	-0.048	0.346	0.346
Stx1b	0.042	0.454	0.454
Psme3	0.14	0.222	0.222
Rab6b	0.002	0.965	0.965
Gal3st3	0.412	0.321	0.321
Magoh	-0.393	0.0162	0.0162
Fgf12	0.011	0.854	0.854
Rpl27	-0.108	0.252	0.252
Pcbd1	0.189	0.119	0.119
Prrt2	0.142	0.0371	0.0371
Depdc5	0.177	0.601	0.601
Rpl37a	0.145	0.222	0.222
Naa20	-0.271	0.271	0.271
Sec61a1	-0.196	0.467	0.467
Arf4	0.006	0.91	0.91
Vbp1	-0.05	0.404	0.404
Lpar1	0.949	0.0808	0.0808
Dad1	-0.336	0.0129	0.0129
Snn	-1.503	0.0169	0.0169
Cdk5r1	-0.122	0.442	0.442
Dgkd	-0.04	0.475	0.475
Abat	0.11	0.068	0.068
Copz1	-0.037	0.511	0.511
Sumo2	-0.01	0.895	0.895
Ufm1	0.017	0.773	0.773
Dcaf7	0.086	0.261	0.261
Wdr5	-0.042	0.76	0.76
Ap1s1	0.129	0.134	0.134
Nutf2	0.029	0.714	0.714
Hnrnpk	0.036	0.454	0.454
Fga	0.61	0.0231	0.0231
Ywhag	-0.056	0.279	0.279
Usp46	-0.107	0.0967	0.0967
Rras2	0.026	0.694	0.694
Timm10	-0.046	0.467	0.467
Timm13	0.215	0.0179	0.0179
Timm8b	-0.036	0.601	0.601
Tspan5	-0.481	0.126	0.126
Rps7	-0.004	0.961	0.961
Ppp1ca	0.022	0.642	0.642
Mctp1	0.208	0.00373	0.00373
Ppp1cb	0.086	0.168	0.168
Psmc1	-0.001	0.989	0.989
Psmc5	-0.045	0.411	0.411
Rps8	-0.018	0.834	0.834
Rps15a	-0.166	0.0452	0.0452
Ube2g1	-0.335	0.0642	0.0642
Ube2h	0.069	0.621	0.621
Ywhae	0.012	0.784	0.784
Rps14	0.006	0.938	0.938
Rps23	-0.283	0.0946	0.0946
Gcn1	-0.04	0.515	0.515
Rps18	-0.113	0.148	0.148
Rps29	0.109	0.544	0.544
Rps11	-0.108	0.372	0.372
Rps13	-0.153	0.015	0.015
Snrpe	0.14	0.27	0.27
Snrpf	-0.124	0.128	0.128
Snrpg	0.1	0.077	0.077
Lsm3	0	1	1
Lsm6	0.186	0.363	0.363
Snrpd1	-0.049	0.697	0.697
Szt2	0.422	0.0176	0.0176
Sbf2	0.272	0.0468	0.0468
Snrpd2	0.043	0.391	0.391
Snrpd3	0.056	0.507	0.507
Arf6	0.068	0.315	0.315
Psmc6	-0.012	0.809	0.809
Tbpl1	-0.113	0.564	0.564
Selenot	-0.195	0.055	0.055
Kcnab2	0.067	0.386	0.386
Abi2	-0.068	0.37	0.37
Polr2g	0.004	0.985	0.985
Rab11a	-0.285	0.195	0.195
Setd1a	0.165	0.575	0.575
Tsc22d1	0.052	0.554	0.554
Pou3f4	0.566	0.371	0.371
Dynlrb1	-0.011	0.94	0.94
Eef1a2	-0.055	0.356	0.356
Ypel5	0.084	0.838	0.838
Rps4x	-0.048	0.504	0.504
Ppp2cb	0.037	0.729	0.729
Rpl18a	-0.211	0.139	0.139
Ap2s1	-0.047	0.47	0.47
Rhob	0.159	0.0189	0.0189
Prr12	-0.01	0.978	0.978
Hpcal1	-0.097	0.101	0.101
Rpl23a	-0.096	0.0951	0.0951
Rps6	-0.107	0.318	0.318
Vsnl1	-0.176	0.0335	0.0335
Mtpn	0.053	0.38	0.38
H4c1	-0.1	0.547	0.547
Gabra1	0.006	0.909	0.909
Atp6v1b2	0.072	0.166	0.166
Rab1a	-0.016	0.794	0.794
Rab3c	0.09	0.291	0.291
Igsf9b	-0.202	0.0963	0.0963
Ran	0.058	0.282	0.282
Rpl23	-0.036	0.467	0.467
Rap1a	-0.036	0.707	0.707
Ube2d2	0.092	0.289	0.289
Rps15	0.038	0.534	0.534
Rps24	-0.252	0.0604	0.0604
Rps25	-0.071	0.211	0.211
Rps26	-0.092	0.49	0.49
Rps28	-0.374	0.00776	0.00776
Fau	-0.119	0.378	0.378
Chd2	0.259	0.124	0.124
Elob	-0.002	0.977	0.977
Gnb1	0.049	0.42	0.42
Polr2l	0.419	0.092	0.092
Rbx1	0.18	0.0654	0.0654
Gnb2	-0.005	0.909	0.909
Gnb5	0.009	0.889	0.889
Rpl30	-0.137	0.0795	0.0795
Rpl39	0.02	0.803	0.803
Cycs	0.091	0.116	0.116
Rpl31	-0.066	0.308	0.308
Prdm13	0.621	0.0016	0.0016
Rps3	-0.12	0.077	0.077
Rpl32	0.036	0.725	0.725
Gtf2b	0.302	0.0162	0.0162
Rpl8	-0.121	0.369	0.369
Cacng7	-0.272	0.55	0.55
Ybx1	-0.208	0.0765	0.0765
Pfn1	0.031	0.699	0.699
Rps27a	0.087	0.384	0.384
Tra2b	-0.035	0.641	0.641
Rac1	0.027	0.63	0.63
CC080_MOUSE	0.035	0.947	0.947
Tle5	0.313	0.167	0.167
Pafah1b1	0.053	0.27	0.27
Rab3a	-0.004	0.939	0.939
Hspa8	0.007	0.884	0.884
Vamp3	-0.094	0.523	0.523
Tpt1	-0.013	0.828	0.828
Mpc1	-0.135	0.277	0.277
Cyth2	0.025	0.665	0.665
Dnaja1	0.07	0.228	0.228
Hspd1	0.025	0.603	0.603
Tex264	0.122	0.463	0.463
Cplx1	-0.049	0.533	0.533
Stmn4	-0.024	0.909	0.909
Vamp2	0.061	0.371	0.371
Sult4a1	-0.135	0.278	0.278
Pcp4	-0.048	0.757	0.757
Olfm3	0.127	0.29	0.29
Eif4e	-0.108	0.0855	0.0855
Gabrb3	0.096	0.226	0.226
Atp6v0c	-0.327	0.134	0.134
Mapk1	0.054	0.512	0.512
Irf2bp2	0.419	0.275	0.275
Ppp1cc	0.059	0.409	0.409
Ptn	-0.288	0.0574	0.0574
Gnas	-0.071	0.181	0.181
Ywhaz	0.02	0.75	0.75
Gabrb2	-0.026	0.593	0.593
Nfyb	0.721	0.126	0.126
Kcna2	-0.141	0.354	0.354
Kcnab1	-0.197	0.129	0.129
Ube2b	0.121	0.57	0.57
Crnkl1	0.295	0.0301	0.0301
Abcc4	0.339	0.0107	0.0107
Hmgb1	0.041	0.396	0.396
Sumo1	0.072	0.534	0.534
Dynll1	-0.048	0.668	0.668
Gng2	0.073	0.164	0.164
Gng3	-0.037	0.701	0.701
Pcsk1	0.527	0.167	0.167
Eif5a	0.07	0.238	0.238
Pkia	0.052	0.481	0.481
Kcnj3	0.111	0.0732	0.0732
Crip1	0.085	0.774	0.774
Fndc10	0.253	0.27	0.27
Pi4ka	0.063	0.268	0.268
Actg2	0.435	0.0335	0.0335
Supt4h1a	-0.213	0.23	0.23
Rps17	-0.158	0.21	0.21
Ube2i	0.082	0.273	0.273
Selenow	-0.13	0.508	0.508
Prkcg	0.031	0.646	0.646
Rala	0.061	0.298	0.298
Rps12	-0.066	0.413	0.413
Rps10	-0.007	0.932	0.932
Ppp3ca	-0.014	0.823	0.823
Map3k19	-0.231	0.0226	0.0226
Ppp2ca	-0.093	0.105	0.105
Phb1	0.05	0.322	0.322
Csnk2b	0.033	0.527	0.527
Rpl22	-0.321	0.0411	0.0411
Ube2l3	0.029	0.583	0.583
Rack1	-0.036	0.475	0.475
Acta1	0.461	0.118	0.118
Prkacb	0.089	0.285	0.285
Ywhaq	-0.035	0.495	0.495
Tuba4a	-0.024	0.65	0.65
Ryr2	0.009	0.869	0.869
Tubb4b	0.049	0.412	0.412
Tuba1c	-0.093	0.132	0.132
Prkcb	-0.071	0.218	0.218
Cntn5	-0.398	0.0939	0.0939
Ywhah	-0.035	0.473	0.473
Ranbp9	0.141	0.209	0.209
Sbds	-0.085	0.406	0.406
Smpdl3a	0.116	0.582	0.582
Kpnb1	0.022	0.617	0.617
Hrh1	-0.134	0.312	0.312
Klhl18	-1.28	0.106	0.106
Dlg3	-0.006	0.903	0.903
Pip5k1b	-0.001	0.996	0.996
Pip5k1a	-0.045	0.413	0.413
Kifap3	0.077	0.291	0.291
Psmb7	-0.004	0.942	0.942
Lxn	0.042	0.393	0.393
Adcyap1r1	0.188	0.0957	0.0957
Plxna1	0.032	0.503	0.503
Plxna2	-0.013	0.817	0.817
Plxna3	-0.896	0.00872	0.00872
Arid1b	0.121	0.1	0.1
Dcc	0.151	0.272	0.272
Fv1	0.347	0.0626	0.0626
Itpr3	0.149	0.434	0.434
Chl1	0.052	0.588	0.588
Map2k6	0.122	0.225	0.225
Ebp	0.011	0.923	0.923
Nfix	-0.182	0.257	0.257
Pald1	-0.424	0.0629	0.0629
Pfkfb2	0.045	0.72	0.72
Pkn1	0.09	0.572	0.572
Pde8b	-0.038	0.726	0.726
Pdlim4	-0.084	0.514	0.514
Selenop	1.164	0.246	0.246
Surf6	-0.15	0.553	0.553
Vamp7	0.018	0.807	0.807
Hdac2	-0.061	0.54	0.54
Mpp1	0.164	0.0451	0.0451
Aup1	0.589	7.48E-05	7.48E-05
Pebp1	0.18	0.0272	0.0272
Stam	-0.003	0.948	0.948
Stim1	-0.031	0.641	0.641
Nolc1	0.054	0.608	0.608
Ctps2	-0.239	0.115	0.115
Tial1	0.013	0.881	0.881
Hnrnph2	0.061	0.25	0.25
Rock1	-0.077	0.718	0.718
Rock2	0.02	0.681	0.681
Smad1	-0.125	0.563	0.563
Bcl2l2	0.05	0.743	0.743
Hint1	0.326	0.0867	0.0867
Nfyc	-0.118	0.792	0.792
Ufd1	0.135	0.345	0.345
Ythdc1	0.078	0.822	0.822
Ncoa1	-0.074	0.449	0.449
Elavl1	-0.005	0.933	0.933
Fgf13	0.499	0.146	0.146
Rad50	-0.053	0.776	0.776
Rasgrf2	0.06	0.443	0.443
Usp9x	-0.023	0.658	0.658
Tp53bp1	-0.073	0.431	0.431
Idh3g	0.082	0.141	0.141
Cdh9	1.195	0.00933	0.00933
Cdh10	-0.034	0.647	0.647
Ccdc85c	-0.006	0.971	0.971
Slc8a1	0.021	0.736	0.736
Rit2	-0.55	0.0273	0.0273
Evl	-0.026	0.728	0.728
Nherf1	0.009	0.87	0.87
Bid	-0.206	0.262	0.262
Fer	-0.236	0.116	0.116
Stx4	-0.386	0.0981	0.0981
Erf	1.134	2.88E-06	2.88E-06
Vasp	0.218	0.282	0.282
Xkr6	-0.113	0.838	0.838
Sparcl1	0.15	0.0666	0.0666
Siae	-0.413	0.204	0.204
Naca	0.041	0.49	0.49
Casp3	0.159	0.22	0.22
Urod	-0.148	0.207	0.207
Ctps1	-0.093	0.442	0.442
Gaa	0.22	0.0796	0.0796
Atp8a1	0.058	0.409	0.409
Cct7	-0.027	0.593	0.593
Cct2	-0.005	0.918	0.918
Bltp1	-0.148	0.0717	0.0717
Bod1l	-0.867	0.108	0.108
Cct4	-0.057	0.238	0.238
Cct5	-0.007	0.891	0.891
Cct6a	0.025	0.63	0.63
Cct3	-0.054	0.319	0.319
Ptprn2	0.036	0.758	0.758
Nucb2	0.115	0.608	0.608
Irs2	0.045	0.586	0.586
Renbp	-0.125	0.711	0.711
Stim2	-0.035	0.746	0.746
Tnik	0.011	0.815	0.815
Ttc7b	0.019	0.713	0.713
Wnk1	-0.101	0.195	0.195
Phf5a	-0.114	0.0799	0.0799
Txnl4a	-0.187	0.276	0.276
Rpl36a	-0.069	0.559	0.559
Tubg1	-0.116	0.294	0.294
Cbx1	0.127	0.305	0.305
Eloc	0.06	0.394	0.394
Hpca	0.014	0.791	0.791
Arf5	0.1	0.0789	0.0789
Cplx2	0.035	0.607	0.607
Ube4a	-0.018	0.798	0.798
Erh	0.21	0.105	0.105
Ap2m1	-0.009	0.879	0.879
Rhog	-0.169	0.335	0.335
Rpl19	0.072	0.518	0.518
Srsf3	-0.066	0.306	0.306
Adcy5	-0.112	0.136	0.136
Isoc2a	0.164	0.228	0.228
Serping1	0.368	0.0365	0.0365
Cdh8	0.057	0.728	0.728
Serpinf1	0.603	0.0146	0.0146
Numa1	-0.005	0.957	0.957
Nptn	0.11	0.0773	0.0773
Csrp1	0.039	0.642	0.642
Dab1	0.018	0.934	0.934
Cdh6	-0.098	0.547	0.547
Nrp1	-0.275	0.46	0.46
Rps3a	-0.038	0.611	0.611
S100a13	-0.008	0.924	0.924
Sms	0.161	0.132	0.132
Sephs2	-0.02	0.798	0.798
Nrxn2	0.058	0.375	0.375
Ncf4	0.117	0.346	0.346
Atp1b3	0.011	0.845	0.845
Psme1	-0.177	0.284	0.284
Psme2	-0.021	0.852	0.852
Frg1	0.109	0.777	0.777
G3bp2	0.039	0.448	0.448
Kcnab3	0.387	0.44	0.44
Anxa11	-0.02	0.799	0.799
Lig3	-0.161	0.65	0.65
Vps45	-0.043	0.451	0.451
Fry	-0.048	0.44	0.44
Arhgap5	-0.015	0.831	0.831
Ica1	0.047	0.395	0.395
Lyst	0.081	0.433	0.433
Crmp1	0.049	0.414	0.414
Anxa4	0.308	0.0966	0.0966
Arhgef28	-0.519	0.0841	0.0841
Mprip	-0.016	0.78	0.78
Slc30a3	0.133	0.0407	0.0407
Cacna1a	0.04	0.511	0.511
Rap1gds1	0.006	0.902	0.902
Fhl1	0.107	0.0752	0.0752
Anpep	0.037	0.771	0.771
Atp5pf	0.087	0.219	0.219
Bop1	-0.229	0.454	0.454
Rps5	0.076	0.666	0.666
Pam	0.064	0.407	0.407
Ppp4c	-0.094	0.513	0.513
Smad4	0.785	0.00153	0.00153
Coq7	0.12	0.142	0.142
Smim13	0.058	0.281	0.281
Adcy8	-0.011	0.922	0.922
Rgs14	0.003	0.978	0.978
Txn2	0.251	0.143	0.143
Gclc	-0.108	0.0795	0.0795
Smarcc1	-0.47	0.0695	0.0695
Adra1b	-0.183	0.196	0.196
Cpt1a	0.064	0.447	0.447
Polr2c	-0.477	0.0568	0.0568
Wbp2	0.002	0.969	0.969
Thumpd3	0.316	0.206	0.206
Rabl2	0.069	0.697	0.697
Grm1	0.093	0.262	0.262
Mllt11	0.648	0.14	0.14
Gfra1	-0.613	0.0344	0.0344
Xrn1	-0.021	0.892	0.892
Cxadr	-0.054	0.465	0.465
Sirpa	0.102	0.0736	0.0736
Neo1	0.029	0.664	0.664
Fh	0.022	0.642	0.642
Pld2	0.325	0.183	0.183
Sec16a	-0.03	0.779	0.779
Pla2g6	0.051	0.736	0.736
Map4k4	0.077	0.376	0.376
Ctsc	0.022	0.926	0.926
Anp32e	-0.025	0.859	0.859
Lypla1	0.032	0.592	0.592
Jpt1	-0.171	0.0631	0.0631
G3bp1	-0.006	0.91	0.91
Rbbp6	0.169	0.4	0.4
Lama4	-0.119	0.517	0.517
Dtymk	0.196	0.0862	0.0862
Arhgap27	-0.897	0.106	0.106
Syngap1	0.119	0.047	0.047
Rab33a	-0.059	0.41	0.41
Scn1b	-0.149	0.033	0.033
Dab2	0.161	0.743	0.743
Apba2	-0.041	0.592	0.592
C1qa	0.039	0.824	0.824
Vldlr	-0.025	0.824	0.824
Cds1	-0.261	0.0321	0.0321
Atp8a2	-0.003	0.955	0.955
Arvcf	0.068	0.423	0.423
Yjefn3	-0.056	0.293	0.293
Tubb5	-0.163	0.0445	0.0445
Psmb4	0.071	0.457	0.457
Rplp2	0.23	0.0229	0.0229
Uqcrh	0.12	0.11	0.11
Prdx5	-0.052	0.461	0.461
Gabpa	0.099	0.83	0.83
Cpe	0.07	0.263	0.263
Xdh	-0.012	0.966	0.966
F8a1	-0.034	0.744	0.744
Il6st	0.539	0.217	0.217
Tpr	0.002	0.976	0.976
G6pdx	0.032	0.509	0.509
Apoa1	0.213	0.295	0.295
Serpina1d	0.293	0.133	0.133
Serpina1e	-0.544	0.0255	0.0255
Yy1	-0.141	0.351	0.351
Rbp1	0.051	0.713	0.713
Hnrnpul2	0.005	0.928	0.928
Pde4d	0.005	0.963	0.963
Pde1b	-0.037	0.418	0.418
Grin2b	0.047	0.52	0.52
Farp1	0.035	0.572	0.572
Creb1	0.116	0.503	0.503
Col1a2	0.305	0.0756	0.0756
Egfr	0.018	0.9	0.9
Apoh	0.71	0.0127	0.0127
Adcy6	0.114	0.768	0.768
Sec23a	0.013	0.805	0.805
Rsu1	0.1	0.18	0.18
Nme2	-0.067	0.29	0.29
Cacna1c	-0.075	0.536	0.536
Vcp	-0.013	0.769	0.769
Sipa1l3	0.041	0.673	0.673
Uba1	-0.013	0.77	0.77
C1qc	0.062	0.749	0.749
Ctnnb1	-0.014	0.781	0.781
Jup	-0.044	0.554	0.554
Ank1	0.056	0.519	0.519
Sos2	0.459	0.402	0.402
Sap30bp	-0.27	0.244	0.244
Nfia	0.08	0.664	0.664
Col6a2	0.173	0.449	0.449
Nucb1	-0.035	0.468	0.468
Arfgef1	0.027	0.646	0.646
Prkcz	0.349	0.0168	0.0168
Chat	-0.284	0.124	0.124
Epha4	0.019	0.69	0.69
Mark3	0.056	0.432	0.432
Cdk7	0.31	0.243	0.243
Aplp1	0.07	0.202	0.202
Enah	0.003	0.95	0.95
Galt	-0.288	0.0927	0.0927
Atp5f1a	0.02	0.677	0.677
Scg2	0.157	0.0477	0.0477
Rab11fip2	-0.058	0.546	0.546
Kcnb1	-0.103	0.344	0.344
Kcnd1	-0.07	0.62	0.62
Pfdn6	-0.016	0.819	0.819
Rela	0.168	0.0546	0.0546
Ckb	-0.033	0.518	0.518
Smpd1	-0.057	0.336	0.336
Nf1	-0.025	0.578	0.578
Cdk16	-0.167	0.203	0.203
Yes1	-0.11	0.545	0.545
Atp2b1	0.04	0.419	0.419
Top1	-0.048	0.698	0.698
Col6a1	-0.044	0.843	0.843
Cdk18	-0.07	0.712	0.712
Rac2	-0.378	0.524	0.524
Rcn1	-0.177	0.0168	0.0168
Mark2	-0.068	0.243	0.243
Trip12	0.147	0.141	0.141
Hspg2	0.056	0.66	0.66
Fabp5	-0.008	0.886	0.886
Ptprg	-0.058	0.648	0.648
Pc	0.041	0.466	0.466
Dnal1	-0.056	0.43	0.43
Drp2	0.312	0.271	0.271
Eml1	-0.046	0.454	0.454
Larp7	-0.028	0.822	0.822
Eif5b	-0.096	0.179	0.179
Cab39	0.029	0.662	0.662
Poglut3	-0.202	0.601	0.601
Ptpn2	0.326	0.119	0.119
Atp5me	-0.016	0.791	0.791
Aplp2	0.084	0.451	0.451
Serpina6	0.18	0.575	0.575
Clu	0.102	0.199	0.199
Anxa7	0.025	0.634	0.634
Igf2r	-0.028	0.838	0.838
Serpine2	-0.152	0.0723	0.0723
Cntn3	-0.035	0.821	0.821
Acads	0.174	0.061	0.061
Ttc39a	-0.111	0.154	0.154
Ank3	-0.078	0.173	0.173
Ambp	0.719	0.154	0.154
Mest	-0.735	0.0102	0.0102
Lgals3bp	0.092	0.821	0.821
Bax	-0.139	0.302	0.302
Cbfb	-0.801	0.0446	0.0446
Cnn1	0.302	0.084	0.084
Tle3	0.026	0.94	0.94
Dmwd	0.044	0.524	0.524
Lyar	-0.891	0.0563	0.0563
Calb2	-0.015	0.907	0.907
Tubgcp6	0.233	0.0412	0.0412
Kcnma1	0.008	0.881	0.881
Pecam1	0.138	0.911	0.911
Eps8	-0.262	0.0455	0.0455
Padi2	-0.22	0.142	0.142
Fbln1	-0.585	0.212	0.212
Ids	0.026	0.829	0.829
Ssrp1	-0.114	0.148	0.148
Slc7a1	-0.091	0.706	0.706
Agbl4	-0.005	0.981	0.981
Arfip1	-0.017	0.789	0.789
Agbl1	0.036	0.797	0.797
Chd8	-0.088	0.665	0.665
Cnnm1	-0.038	0.74	0.74
Inf2	-0.259	0.131	0.131
Kndc1	0.142	0.0944	0.0944
Unc79	-0.028	0.933	0.933
Ubxn2b	-0.392	0.0293	0.0293
Trio	0.071	0.267	0.267
Sobp	-0.278	0.205	0.205
Vps8	-0.011	0.906	0.906
Capn2	-0.019	0.713	0.713
Zc3h18	0.05	0.748	0.748
Dact3	0.112	0.426	0.426
Cntnap5a	0.395	0.103	0.103
Itgb8	-0.045	0.451	0.451
Stum	0.085	0.322	0.322
Rbm15	-0.123	0.279	0.279
Plpp4	0.304	0.412	0.412
Cpne7	0.137	0.386	0.386
Ppp4r2	-0.229	0.106	0.106
S1pr1	0.023	0.671	0.671
Vgf	0.022	0.77	0.77
Npepps	0.015	0.742	0.742
Pepd	0.064	0.276	0.276
Relch	0.006	0.91	0.91
Gspt2	-0.038	0.57	0.57
Tmem71	-0.331	0.0587	0.0587
Dnajb14	0.14	0.337	0.337
Nsun7	-0.193	0.191	0.191
Cdk12	0.212	0.463	0.463
Kcnc2	0.103	0.786	0.786
Cacna2d1	0.038	0.484	0.484
Map6d1	0.078	0.271	0.271
Grm2	0.024	0.705	0.705
Ydjc	-0.423	0.253	0.253
Ptcd3	0.039	0.588	0.588
Fam171b	-0.087	0.387	0.387
Aars2	-0.247	0.0213	0.0213
Myo3b	-0.112	0.68	0.68
Nsun2	0.074	0.372	0.372
Map3k13	-0.114	0.66	0.66
Slc35f3	-0.985	0.0904	0.0904
Bin1	-0.06	0.273	0.273
Cpne9	-0.084	0.337	0.337
Parp14	0.304	0.276	0.276
Specc1l	-0.243	0.483	0.483
Phactr1	0.058	0.238	0.238
Dok6	0.785	0.28	0.28
Gsk3a	0.035	0.605	0.605
Psd3	0.007	0.895	0.895
Asphd1	-0.265	0.19	0.19
Pi4k2a	0.017	0.866	0.866
Hsdl2	0.155	0.269	0.269
Sec22b	0.041	0.413	0.413
Nell1	-0.115	0.557	0.557
Lrfn1	-0.039	0.584	0.584
Msto1	-0.277	0.1	0.1
Slc39a7	-0.245	0.188	0.188
Cnnm3	-0.103	0.168	0.168
Osbp	-0.111	0.0435	0.0435
Marchf5	0.117	0.193	0.193
Prex2	-0.344	0.11	0.11
Hddc2	0.196	0.099	0.099
Stk11ip	-0.809	0.00231	0.00231
Dpysl2	-0.005	0.915	0.915
Emc10	0.003	0.972	0.972
Mrpl10	-0.134	0.418	0.418
Ccdc127	-0.095	0.295	0.295
Patl1	0.524	0.388	0.388
Fahd2a	0.075	0.398	0.398
Hs1bp3	-0.157	0.161	0.161
Cul4a	0.012	0.875	0.875
Abraxas2	0.125	0.0857	0.0857
Plbd2	-0.05	0.51	0.51
Sppl2b	-0.323	0.295	0.295
Ppp1r21	-0.024	0.705	0.705
Rogdi	0.072	0.297	0.297
Faf2	0.041	0.491	0.491
Stt3b	-0.179	0.0198	0.0198
Cyb5r4	-0.366	0.36	0.36
Hp1bp3	-0.088	0.537	0.537
Rnf157	-0.208	0.384	0.384
Iqsec3	0.13	0.0918	0.0918
Lpcat1	-0.163	0.507	0.507
Nova2	-0.045	0.366	0.366
Rundc3a	-0.091	0.387	0.387
Spryd7	0.232	0.0824	0.0824
Eepd1	0.268	0.437	0.437
Ttyh2	-0.429	0.112	0.112
Myl12b	0.106	0.117	0.117
Aarsd1	-0.086	0.431	0.431
Eif1ad	-0.092	0.92	0.92
Gtf2f1	-0.242	0.382	0.382
Gmps	0.075	0.195	0.195
Mat2a	0.049	0.389	0.389
Emd	0.124	0.0871	0.0871
Trappc13	-0.063	0.483	0.483
Ric8a	-0.001	0.991	0.991
Pde12	-0.05	0.532	0.532
Zc3h15	0.005	0.964	0.964
Usp39	-0.205	0.0634	0.0634
Pdlim7	0.681	0.165	0.165
Fam98a	-0.372	0.0397	0.0397
Smarca4	-0.077	0.436	0.436
Cwc27	0.312	0.333	0.333
Nlrx1	0.251	0.0558	0.0558
Gtpbp1	0.024	0.698	0.698
Uri1	-0.083	0.671	0.671
Prrc2c	-0.047	0.622	0.622
Trappc10	0.099	0.28	0.28
Echdc2	-0.081	0.696	0.696
Gdpgp1	-0.009	0.952	0.952
Scrn3	0.006	0.899	0.899
Tmem38a	0.388	0.151	0.151
Arb2a	-0.275	0.447	0.447
Ankmy2	-0.022	0.859	0.859
Exoc5	0.009	0.862	0.862
Alyref	-0.078	0.329	0.329
Foxred1	0.219	0.21	0.21
TLS1_MOUSE	-0.222	0.369	0.369
Pnpla6	-0.145	0.382	0.382
Map9	-0.038	0.673	0.673
Alkbh5	-0.387	0.298	0.298
Ilrun	0.428	0.469	0.469
Krt2	-0.078	0.826	0.826
Tamm41	0.082	0.564	0.564
Ccdc136	-0.001	0.992	0.992
Pbxip1	-0.22	0.437	0.437
Clta	0.004	0.941	0.941
Uap1l1	0	0.997	0.997
Tmem63b	0.098	0.272	0.272
Pip4p1	-0.123	0.321	0.321
Cnnm2	0.08	0.591	0.591
Srsf6	0.046	0.621	0.621
Trmt1	-0.649	0.00202	0.00202
Psmd1	-0.025	0.609	0.609
Inip	0.251	0.175	0.175
Dhps	-0.187	0.544	0.544
Pten	0.061	0.413	0.413
Zfyve27	-0.125	0.434	0.434
Slc17a7	0.082	0.178	0.178
Fam131b	0.064	0.359	0.359
Ica1l	0.018	0.95	0.95
Aifm3	0.091	0.308	0.308
Arsg	-0.155	0.608	0.608
Lmtk2	-0.181	0.101	0.101
Cybc1	0.143	0.466	0.466
Smyd5	-0.136	0.14	0.14
Slc25a33	0.067	0.642	0.642
Stxbp1	0.026	0.61	0.61
Esyt2	0.114	0.407	0.407
Dhrs11	0.117	0.137	0.137
Hace1	-0.071	0.602	0.602
Ogfod1	-0.034	0.802	0.802
Ankrd33b	-1.12	0.00543	0.00543
Trappc9	-0.107	0.139	0.139
Rasip1	-0.105	0.476	0.476
Khsrp	0.016	0.758	0.758
Rars2	-0.007	0.942	0.942
Pag1	0.305	0.00487	0.00487
Endog	-0.044	0.748	0.748
Ddb1	0.028	0.562	0.562
Srebf2	-0.132	0.688	0.688
Uevld	-0.031	0.861	0.861
Dennd4b	0.073	0.701	0.701
Serac1	0.059	0.527	0.527
Mast3	-0.265	0.00667	0.00667
Sdhaf1	-0.122	0.601	0.601
Vars2	-0.025	0.857	0.857
Fhip1b	-0.07	0.287	0.287
Sec24a	-0.304	0.0346	0.0346
Mknk1	0.688	0.165	0.165
Nudt18	0.224	0.0502	0.0502
Ctu2	-0.104	0.336	0.336
Rnf40	0.103	0.179	0.179
Fam117b	0.163	0.268	0.268
Ulk3	0.301	0.235	0.235
Lmf1	-0.253	0.509	0.509
Hectd3	-0.153	0.0386	0.0386
Xxylt1	-0.537	0.00746	0.00746
Prickle1	-0.105	0.518	0.518
Myh11	0.41	0.0488	0.0488
Yrdc	0.154	0.242	0.242
Cmpk2	-0.213	0.142	0.142
Esyt1	-0.095	0.277	0.277
Fbxo7	-0.247	0.0303	0.0303
Ap5z1	0.061	0.865	0.865
Lbr	0.158	0.312	0.312
Qrich1	-0.12	0.389	0.389
Pid1	0.386	0.282	0.282
Ddi2	-0.044	0.578	0.578
Ephb6	0.061	0.227	0.227
Tmem109	-0.035	0.613	0.613
Foxk2	-0.32	0.00839	0.00839
Otulin	0.238	0.242	0.242
Atxn7l3b	-0.907	0.0109	0.0109
Ttll12	-0.035	0.651	0.651
Trafd1	-0.385	0.0969	0.0969
Wdr41	-0.122	0.113	0.113
Yipf3	0.036	0.809	0.809
Hgsnat	0.336	0.378	0.378
K0930_MOUSE	-0.061	0.626	0.626
Map3k4	-0.002	0.995	0.995
Ube2z	0.02	0.705	0.705
Puf60	-0.004	0.946	0.946
Pde4c	-0.153	0.381	0.381
Slc10a4	0.435	0.403	0.403
Lyplal1	0.06	0.727	0.727
Frmd8	-0.061	0.698	0.698
Carmil3	-0.377	0.087	0.087
Zyg11b	-0.183	0.0615	0.0615
Gpatch11	-0.279	0.344	0.344
Metap2	-0.078	0.362	0.362
Garem1	-0.143	0.363	0.363
Nt5c3b	0.158	0.286	0.286
Trmt10c	-0.282	0.404	0.404
Eif3j1	0	0.995	0.995
Alg10b	-0.161	0.294	0.294
Hdhd2	-0.058	0.283	0.283
Mcrip1	-0.01	0.927	0.927
Nat8l	-0.045	0.554	0.554
Arfgef3	0.025	0.68	0.68
Dip2b	-0.1	0.0849	0.0849
Kifc2	-0.055	0.799	0.799
Wnk2	-0.007	0.882	0.882
Limch1	-0.045	0.514	0.514
Plxnd1	-0.002	0.984	0.984
Shisa6	0.12	0.542	0.542
Nt5dc3	-0.061	0.288	0.288
Ccdc177	-0.013	0.845	0.845
Dab2ip	0.033	0.6	0.6
Adgrb1	0.036	0.476	0.476
Gfod1	0.136	0.24	0.24
Kng1	0.5	0.0376	0.0376
Mtus2	-0.029	0.731	0.731
Snx27	0.086	0.155	0.155
Agap2	-0.037	0.481	0.481
Pitpnm3	0.02	0.788	0.788
Hivep2	0.428	0.058	0.058
Dennd11	0.094	0.506	0.506
Zswim8	-0.223	0.0791	0.0791
Slc22a23	-0.028	0.751	0.751
Tmed8	-0.272	0.385	0.385
Aak1	0.005	0.929	0.929
Capn5	-0.02	0.739	0.739
Slc2a13	0.121	0.261	0.261
Tenm4	0.035	0.569	0.569
Camkv	0.088	0.182	0.182
Dop1b	0.354	0.185	0.185
Mtcl1	-0.161	0.189	0.189
Pdap1	0.013	0.872	0.872
Babam1	-0.007	0.917	0.917
Arhgap17	0.144	0.5	0.5
Ndufb6	-0.012	0.856	0.856
Prdx6	-0.002	0.974	0.974
Mylk3	0.711	0.000818	0.000818
Edc4	0.002	0.979	0.979
Usp19	-0.124	0.139	0.139
Cfap418	0.207	0.0611	0.0611
Rmdn3	0.09	0.131	0.131
Tax1bp1	-0.053	0.665	0.665
Smu1	-0.012	0.858	0.858
Pak6	-0.177	0.0372	0.0372
Mccc2	0.115	0.0703	0.0703
Akap1	0.242	0.0571	0.0571
Spg7	0.093	0.45	0.45
Gpd1l	0.104	0.0967	0.0967
Cog7	-0.187	0.312	0.312
Ppp1r7	-0.035	0.46	0.46
Smcr8	-0.113	0.2	0.2
Washc4	0.146	0.0666	0.0666
Cobll1	-0.111	0.52	0.52
Ankrd27	0.333	0.486	0.486
Mcu	-0.045	0.624	0.624
Ppp1r12c	0.037	0.564	0.564
Hdgfl2	-0.064	0.401	0.401
Eml4	-0.084	0.401	0.401
Lclat1	0.04	0.659	0.659
Usp30	-0.015	0.947	0.947
Gpr162	-0.047	0.631	0.631
Nxt2	-0.059	0.551	0.551
Gprin1	0.019	0.684	0.684
Cryzl2	0.095	0.456	0.456
Prrc1	0.252	0.263	0.263
Sec31a	0.056	0.34	0.34
Casp6	0.199	0.435	0.435
Ag2	-0.168	0.258	0.258
Iqgap2	-0.062	0.571	0.571
Tars2	0.004	0.946	0.946
Selenoh	0.646	0.0421	0.0421
Fcho2	-0.001	0.996	0.996
Lsmem1	0.101	0.674	0.674
Tgfbrap1	0.193	0.224	0.224
Slmap	0.052	0.509	0.509
Acsf3	-0.059	0.349	0.349
Lingo2	0.168	0.207	0.207
Frmpd4	0.003	0.988	0.988
Ampd3	0.124	0.154	0.154
Tex10	0.294	0.416	0.416
Ccdc51	0.15	0.401	0.401
Plcl1	-0.163	0.247	0.247
Insyn2a	-0.327	0.353	0.353
Sfswap	-0.14	0.77	0.77
Arhgef9	0.162	0.0449	0.0449
Sorbs2	-0.013	0.838	0.838
Cdkl5	-0.018	0.731	0.731
Trappc14	-0.053	0.485	0.485
Polr2j	0.491	0.0155	0.0155
Cdc42bpa	0.05	0.615	0.615
Ankrd34b	-0.161	0.195	0.195
Tbc1d24	-0.042	0.59	0.59
Them4	0.065	0.214	0.214
Strada	-0.003	0.981	0.981
Pgap1	-0.115	0.345	0.345
Krt76	-0.038	0.929	0.929
Pdp1	0.094	0.148	0.148
Ksr2	-0.125	0.46	0.46
Fam91a1	-0.09	0.567	0.567
Unc5c	0.223	0.383	0.383
Ermp1	0.107	0.459	0.459
Vps51	0.026	0.679	0.679
Ttbk2	0.535	0.114	0.114
Grm5	0.082	0.231	0.231
Tubal3	-0.287	0.078	0.078
Fam81a	0.096	0.11	0.11
Custos	-0.058	0.639	0.639
Cfap74	0.114	0.648	0.648
Ppm1h	0.103	0.161	0.161
Dld	0.105	0.0802	0.0802
Macrod2	0.025	0.758	0.758
Grk3	-0.002	0.99	0.99
Ncbp1	-0.071	0.489	0.489
Lrrfip1	-0.392	0.275	0.275
Rcsd1	-0.133	0.636	0.636
Svip	0.198	0.414	0.414
Elapor2	0.024	0.861	0.861
Ttc9	-0.001	0.99	0.99
Garnl3	-0.24	0.0656	0.0656
Prr7	0.115	0.321	0.321
Hsd17b10	0.1	0.111	0.111
Pls1	-0.416	0.0365	0.0365
Ulk4	-0.036	0.546	0.546
Slc25a31	0.122	0.414	0.414
Acrbp	0.052	0.354	0.354
Nt5c2	-0.084	0.376	0.376
Elmod1	0.155	0.102	0.102
Afg1l	-0.284	0.0757	0.0757
Bbs1	-0.04	0.873	0.873
Pacs2	0.055	0.747	0.747
Mthfd1l	-0.05	0.339	0.339
Ube3a	-0.012	0.793	0.793
Itga1	0.291	0.0988	0.0988
Carmil2	-0.001	0.985	0.985
Commd6	-0.037	0.876	0.876
Vezt	-0.114	0.508	0.508
Snx25	-0.262	0.167	0.167
Amz2	0.006	0.96	0.96
Dync2h1	-0.701	0.0208	0.0208
Tigd5	1.468	0.00329	0.00329
Mars2	0.061	0.596	0.596
Tcof1	-0.051	0.61	0.61
Shank3	-0.007	0.9	0.9
Prpf38a	0.01	0.908	0.908
Abl2	-0.021	0.787	0.787
Abracl	-0.57	0.00889	0.00889
Oxr1	0.029	0.618	0.618
Unc13a	0.016	0.743	0.743
Plch1	-0.361	0.0182	0.0182
Odr4	-0.092	0.426	0.426
Trp53i11	0.055	0.695	0.695
Herc2	0.041	0.758	0.758
Clock	-0.058	0.855	0.855
Sez6l2	-0.07	0.322	0.322
Pds5b	-0.145	0.173	0.173
Cdv3	-0.083	0.248	0.248
Tmem65	0.081	0.172	0.172
Tapt1	0.023	0.856	0.856
Wdr18	-0.309	0.165	0.165
Maea	0.007	0.937	0.937
Rc3h1	-0.064	0.83	0.83
Ddx17	-0.028	0.608	0.608
Dctn1	-0.036	0.46	0.46
Phactr4	0.547	0.119	0.119
Zbtb8os	0.089	0.4	0.4
Ankrd28	0.102	0.105	0.105
Opa3	-0.041	0.755	0.755
Lrrc47	0.049	0.349	0.349
Kctd8	0.347	0.0255	0.0255
Spire1	0.082	0.354	0.354
Srrm1	0.138	0.29	0.29
Prune2	0.005	0.955	0.955
Coq8b	-0.266	0.213	0.213
Prkcsh	-0.081	0.237	0.237
Ddx46	0.101	0.0695	0.0695
Thrap3	0.028	0.567	0.567
Scn2b	0.081	0.418	0.418
Gpkow	0.192	0.475	0.475
Deptor	-0.013	0.855	0.855
Galns	0.357	0.386	0.386
Gls2	-0.032	0.539	0.539
Prag1	0.381	0.0872	0.0872
Tab3	0.017	0.938	0.938
Spag9	0.007	0.925	0.925
Elapor1	-0.008	0.909	0.909
Serpinb8	0.095	0.473	0.473
Ndufaf2	0.009	0.882	0.882
Usp13	-1.139	0.0367	0.0367
Pex1	0.437	0.421	0.421
Tut7	0.194	0.466	0.466
Stxbp5l	-0.041	0.572	0.572
Slc4a10	0.088	0.287	0.287
Rnf20	0.339	0.00347	0.00347
Jakmip3	-0.108	0.486	0.486
Psd	-0.045	0.457	0.457
Prdx4	0.059	0.489	0.489
Jcad	0.048	0.397	0.397
Kctd16	-0.015	0.788	0.788
Rnf150	0.004	0.976	0.976
Iqsec2	0.034	0.506	0.506
Ipcef1	0.027	0.804	0.804
Lrrc8b	0.177	0.325	0.325
CA050_MOUSE	-0.285	0.52	0.52
Ermn	-0.239	0.156	0.156
Prkaa1	0.1	0.359	0.359
Tmem256	0.489	0.0209	0.0209
Diaph1	0.03	0.627	0.627
Nufip2	0.2	0.338	0.338
Taok1	-0.04	0.453	0.453
Mlip	-0.037	0.586	0.586
Slc39a12	0.004	0.97	0.97
Cemip2	-0.131	0.323	0.323
Arhgap1	-0.011	0.816	0.816
Xkr7	-0.124	0.524	0.524
Xkr5	0.187	0.282	0.282
Xkr4	0.006	0.933	0.933
Vps13a	-0.032	0.553	0.553
Eftud2	-0.03	0.556	0.556
C2cd4c	0.026	0.728	0.728
Slc25a51	0.067	0.438	0.438
Cage1	0.224	0.168	0.168
Slc30a9	-0.055	0.696	0.696
Vps41	-0.047	0.532	0.532
Cnrip1	0.059	0.259	0.259
Sdr39u1	0.178	0.0156	0.0156
Kctd1	0.435	0.00165	0.00165
Cobl	-0.157	0.525	0.525
Trim58	-0.027	0.921	0.921
Gfra2	0.078	0.156	0.156
Mrs2	0.03	0.792	0.792
Trappc1	-0.124	0.144	0.144
Urgcp	0.252	0.274	0.274
Dph1	-0.109	0.777	0.777
Neurl4	-0.945	0.00624	0.00624
Wdr81	-0.058	0.595	0.595
Cracd	0.186	0.171	0.171
Diras2	-0.059	0.397	0.397
Osbp2	-0.187	0.135	0.135
RO60	0.018	0.907	0.907
Crppa	0.103	0.566	0.566
Cdh12	0.583	0.0718	0.0718
Smg7	-0.82	0.0028	0.0028
Brsk1	0.064	0.287	0.287
Islr2	0.334	0.0429	0.0429
Krtcap2	-0.584	0.084	0.084
Lrrk2	0.234	0.266	0.266
Rbm27	0.052	0.716	0.716
Ccdc88a	-0.134	0.172	0.172
Ccdc85a	0.088	0.348	0.348
Pik3r2	0.263	0.0569	0.0569
Sap30l	-0.066	0.803	0.803
Cyfip2	0.02	0.682	0.682
Bod1	-0.213	0.32	0.32
Tom1l2	-0.003	0.959	0.959
Fbxw11	-0.432	0.251	0.251
Dhrs13	-0.453	0.399	0.399
Zzef1	-0.039	0.642	0.642
Abr	-0.03	0.574	0.574
Arhgap44	0.067	0.298	0.298
Psme4	0.055	0.837	0.837
Tns3	-0.165	0.41	0.41
Coil	-0.028	0.903	0.903
Sco1	0.278	0.0451	0.0451
Ankrd40	0.194	0.195	0.195
Luc7l3	0.119	0.563	0.563
Ctc1	-0.354	0.212	0.212
Pfas	0.032	0.482	0.482
Mycbpap	0.157	0.118	0.118
Synrg	0.072	0.394	0.394
Rap1gap2	-0.012	0.809	0.809
Faah	-0.321	0.00112	0.00112
Tbc1d9b	-0.089	0.524	0.524
Cluh	-0.034	0.734	0.734
Ssh2	0.152	0.214	0.214
Nacad	-0.298	0.0269	0.0269
Slc25a35	-0.803	0.243	0.243
Acaca	-0.09	0.207	0.207
Shroom1	-0.326	0.0924	0.0924
Wwc1	-0.038	0.575	0.575
Specc1	-0.002	0.982	0.982
Myo1d	-0.286	0.0697	0.0697
Aip	0.077	0.209	0.209
Bltp2	0.044	0.92	0.92
Kiaa0319	-0.454	0.156	0.156
Rabl6	0.023	0.711	0.711
Ubr3	0.095	0.365	0.365
Dnajc11	-0.01	0.857	0.857
Gprasp1	-0.272	0.021	0.021
Scaf1	-0.037	0.913	0.913
Slc5a6	0.875	0.00427	0.00427
Thoc6	0.025	0.722	0.722
Lhfpl4	-0.199	0.138	0.138
Map7d2	-0.134	0.102	0.102
Flot1	-0.041	0.556	0.556
Dync2i2	0.328	0.122	0.122
Bloc1s3	0.064	0.789	0.789
Fam169a	-0.089	0.285	0.285
Acbd5	-0.246	0.233	0.233
Leo1	-0.111	0.757	0.757
Lmtk3	-0.039	0.552	0.552
Parl	0.339	0.377	0.377
Arcn1	-0.049	0.357	0.357
Jagn1	-0.265	0.0541	0.0541
Rnf123	0.009	0.883	0.883
Numbl	0.029	0.584	0.584
Gsdma3	0.054	0.674	0.674
Zdhhc8	-0.294	0.346	0.346
Sin3a	-0.109	0.322	0.322
Crhbp	0.116	0.361	0.361
Kif1b	0.322	0.1	0.1
Xrcc1	0.179	0.597	0.597
Ogdh	0.048	0.343	0.343
Cttn	-0.02	0.66	0.66
Kcnh1	-0.111	0.35	0.35
Myl6	0.037	0.543	0.543
Cyth3	-0.152	0.414	0.414
Tiam1	0.213	0.264	0.264
Satb1	0.358	0.277	0.277
Icam5	0.101	0.18	0.18
Epha5	0.311	0.0166	0.0166
Grb2	0.062	0.367	0.367
Nr2f1	-0.116	0.499	0.499
Flot2	-0.011	0.857	0.857
Gm2a	-0.105	0.184	0.184
Clpb	0.145	0.0909	0.0909
Hnrnpd	0.09	0.177	0.177
Mras	-0.078	0.47	0.47
Ptprn	0.198	0.144	0.144
Lama2	0.05	0.858	0.858
Ppp5c	0.06	0.36	0.36
Psmb6	0	0.996	0.996
Map3k12	-0.227	0.214	0.214
Samhd1	0.021	0.929	0.929
Slc27a1	0.046	0.607	0.607
P4ha1	0	1	1
Tcf4	-0.63	0.0505	0.0505
Csnk2a1	-0.012	0.826	0.826
Sdcbp	0.022	0.785	0.785
Slc30a1	0.07	0.42	0.42
Bag1	0.263	0.343	0.343
Khdrbs1	-0.03	0.596	0.596
Igf1r	0.171	0.176	0.176
Gcdh	0.146	0.141	0.141
Irgm1	-0.49	0.104	0.104
Stxbp3	0.054	0.469	0.469
Cldn11	-0.233	0.2	0.2
Nfkbib	-0.126	0.794	0.794
Atox1	-0.204	0.0131	0.0131
Gas7	0.019	0.711	0.711
Rasa3	-0.186	0.117	0.117
Traf3	0.042	0.466	0.466
Mertk	0.045	0.641	0.641
Cnot7	-0.249	0.25	0.25
Akt2	-0.153	0.235	0.235
Ppp1r1b	0.348	0.00105	0.00105
Reln	0.249	0.176	0.176
Col12a1	0.451	0.00813	0.00813
Serpinb6	-0.011	0.882	0.882
Degs1	-0.217	0.486	0.486
Slc6a4	0.074	0.709	0.709
Stip1	0.003	0.95	0.95
Caprin1	0.042	0.486	0.486
Pter	-0.352	0.447	0.447
Reep5	-0.476	0.125	0.125
Eif1a	-0.366	0.204	0.204
Arhgef2	-0.084	0.136	0.136
Elavl2	-0.063	0.498	0.498
Elavl3	0.027	0.669	0.669
Eps15l1	0.073	0.272	0.272
Pex5	-0.028	0.866	0.866
Ggt1	0.41	0.142	0.142
Vdac2	0.023	0.63	0.63
Vdac3	0.022	0.692	0.692
Vdac1	0.088	0.223	0.223
Coq8a	0.004	0.98	0.98
Il17ra	-0.38	0.371	0.371
Tbc1d1	-0.256	0.328	0.328
Pml	0.238	0.747	0.747
Kpna1	0.008	0.895	0.895
Pla2g7	0.095	0.4	0.4
Snap23	0.141	0.416	0.416
Papss1	-0.095	0.299	0.299
Rbbp4	0.078	0.371	0.371
Rbbp7	-0.066	0.468	0.468
Ncor1	0.03	0.885	0.885
Foxg1	0.094	0.695	0.695
Ppp2r5c	0.134	0.116	0.116
Lama5	0.336	0.0837	0.0837
Gng7	0.033	0.755	0.755
Asns	-0.058	0.383	0.383
Ncoa2	-0.125	0.729	0.729
Psmb1	-0.022	0.646	0.646
Tmpo	-0.048	0.471	0.471
Tmpo	0.772	0.0404	0.0404
Hars1	-0.01	0.82	0.82
Pak3	0.049	0.519	0.519
Tsc2	-0.102	0.128	0.128
Dvl3	0.148	0.568	0.568
Usf1	0.282	0.356	0.356
Ei24	-0.256	0.0297	0.0297
Adam9	0.02	0.897	0.897
Ppm1g	-0.051	0.689	0.689
Ckap5	-0.056	0.407	0.407
Hdac1	-0.697	0.00177	0.00177
Cdc37	-0.074	0.227	0.227
Map3k3	-0.014	0.952	0.952
Ksr1	-0.03	0.691	0.691
Abcb7	-0.029	0.706	0.706
Dpf2	0.173	0.502	0.502
Sdf4	0.268	0.0101	0.0101
Shc3	0.004	0.95	0.95
Nab2	-0.115	0.26	0.26
Prp4k	-0.123	0.545	0.545
Ndufb11	-0.014	0.822	0.822
Astn1	-0.055	0.31	0.31
Bcar1	0.131	0.0806	0.0806
Spin1	0.028	0.737	0.737
Cp	0.626	0.000684	0.000684
Ppp2r5e	-0.016	0.818	0.818
Map4k2	-0.092	0.257	0.257
Ctcf	0.302	0.278	0.278
Slc9a1	0.059	0.612	0.612
Mapre1	-0.042	0.432	0.432
Prdx2	0.084	0.112	0.112
Ptgds	0.37	0.0103	0.0103
Papola	-0.135	0.221	0.221
Tsg101	0.072	0.313	0.313
Clns1a	0.222	0.291	0.291
Hcfc1	0.023	0.68	0.68
Pik3c2a	4.346	0.00652	0.00652
Nxph1	0.233	0.279	0.279
Pafah1b3	-0.184	0.0674	0.0674
Pafah1b2	0.071	0.327	0.327
Psap	0.108	0.253	0.253
Arhgef1	0.093	0.616	0.616
Sypl1	-0.005	0.959	0.959
Eif2d	-0.332	0.419	0.419
Dyrk1a	-0.052	0.64	0.64
Nell2	0.155	0.0675	0.0675
Lcp1	-0.264	0.119	0.119
Snta1	0.064	0.426	0.426
Sntb2	0.15	0.192	0.192
Fnta	-0.096	0.158	0.158
Serpinf2	0.298	0.248	0.248
Igbp1	0.184	0.16	0.16
Sema4d	-0.014	0.871	0.871
Acvr1b	-0.239	0.411	0.411
Acan	-0.002	0.984	0.984
Abcd2	-0.135	0.268	0.268
Cacna1e	0.041	0.443	0.443
Lamb2	0.085	0.632	0.632
Ctnna2	0.048	0.334	0.334
Apc	0.069	0.254	0.254
Hspa4	0.026	0.596	0.596
Arnt2	-0.682	0.00118	0.00118
Cntn2	-0.012	0.864	0.864
Nfatc2ip	-0.561	0.233	0.233
Bcap29	-0.075	0.41	0.41
Bcap31	0.073	0.258	0.258
Bad	0.604	0.00816	0.00816
Bcan	0.097	0.125	0.125
Cox7a2l	-0.119	0.546	0.546
Cct6b	-0.829	0.00243	0.00243
Prkg2	0.377	0.2	0.2
Hras	-0.016	0.768	0.768
Krt15	-0.068	0.825	0.825
Clcn4	-0.202	0.0569	0.0569
Gsto1	0.125	0.0469	0.0469
Kcna4	-0.092	0.116	0.116
Hadh	-0.005	0.94	0.94
Znf638	-0.026	0.775	0.775
Smarcd1	0.051	0.543	0.543
Plpp1	0.216	0.299	0.299
Msi1	-0.066	0.591	0.591
Pde1a	0.123	0.042	0.042
Alcam	0.1	0.14	0.14
Nt5e	0.061	0.605	0.605
Man2b1	0.093	0.792	0.792
Trim25	-0.638	0.123	0.123
Erbb4	0.011	0.962	0.962
Glg1	-0.064	0.364	0.364
Ewsr1	-0.116	0.324	0.324
Snap91	-0.027	0.618	0.618
Rad21	-0.146	0.213	0.213
Fscn1	-0.014	0.804	0.804
Fdxr	-0.213	0.0109	0.0109
Fxr1	-0.092	0.116	0.116
Ktn1	-0.145	0.0384	0.0384
Sod3	-0.45	0.18	0.18
Gdi2	-0.054	0.283	0.283
Arhgdib	-0.241	0.307	0.307
Slc20a1	-0.182	0.216	0.216
Znf148	0.074	0.856	0.856
Grid2	-0.076	0.641	0.641
Grik5	-0.095	0.555	0.555
Grid1	-0.086	0.41	0.41
Pacsin1	-0.006	0.912	0.912
Rpl21	-0.061	0.653	0.653
Ddx19a	-0.024	0.686	0.686
Ddx5	0.097	0.0936	0.0936
Hira	2.654	5.45E-06	5.45E-06
Slc29a2	0.019	0.895	0.895
Cbx5	0.128	0.111	0.111
Atrx	-0.063	0.397	0.397
Hspa1a	0.5	0.0344	0.0344
Hsph1	-0.071	0.327	0.327
Elavl4	-0.033	0.684	0.684
Itih1	0.675	0.319	0.319
Ambra1	0.212	0.767	0.767
Gclm	0.204	0.066	0.066
Itih2	0.494	0.475	0.475
Itih3	0.297	0.469	0.469
Il1rap	-0.137	0.52	0.52
Mrps31	0.026	0.704	0.704
Cd47	-0.084	0.288	0.288
Itga7	-0.099	0.779	0.779
Itga6	-0.226	0.0459	0.0459
Kcnj11	-0.184	0.374	0.374
Eif2b4	-0.184	0.0447	0.0447
Phgdh	-0.012	0.837	0.837
Amacr	0.187	0.32	0.32
Kif5b	0.006	0.898	0.898
Kif3b	-0.045	0.457	0.457
Epha7	-0.055	0.783	0.783
Lasp1	0.012	0.828	0.828
Lrrn1	-0.681	0.169	0.169
Rai1	-0.511	0.222	0.222
Pdcd4	-0.175	0.663	0.663
Mapk10	-0.028	0.713	0.713
Pzp	0.232	0.204	0.204
Fgfr3	0.175	0.415	0.415
Kif3c	0.036	0.757	0.757
Myh10	0.008	0.867	0.867
Mog	-0.198	0.196	0.196
Cmc4	0.207	0.0918	0.0918
Kcna6	0.031	0.764	0.764
Npm1	0.068	0.449	0.449
Pcbp2	-0.024	0.647	0.647
Pdpn	-0.011	0.99	0.99
Ctr9	0.274	0.515	0.515
Cep131	-0.194	0.7	0.7
Pea15	0.042	0.786	0.786
Vps26c	-0.378	0.202	0.202
Vcan	-0.086	0.292	0.292
Pim2	0.241	0.282	0.282
Map3k7	-0.064	0.672	0.672
Prkci	-0.258	0.275	0.275
Plcg1	-0.11	0.0633	0.0633
Pick1	-0.145	0.0534	0.0534
Pon2	-0.047	0.46	0.46
Nsg1	0.014	0.955	0.955
Srsf2	-0.051	0.351	0.351
Ddx3y	0.151	0.323	0.323
Agpat1	-0.108	0.0752	0.0752
Prkd1	0.879	0.277	0.277
Dlg4	0.059	0.368	0.368
Ptprr	0.109	0.602	0.602
Sin3b	1.195	0.011	0.011
Aldh1a2	0.167	0.559	0.559
Rhoc	-0.118	0.495	0.495
Dag1	-0.032	0.664	0.664
Ddx3x	0.076	0.132	0.132
Ralbp1	0.068	0.343	0.343
Sema4a	-0.081	0.391	0.391
Cnih2	-0.22	0.097	0.097
Sema4b	-0.079	0.396	0.396
Ssr4	-0.041	0.533	0.533
Dpysl3	0.178	0.0899	0.0899
Snrpa	0.102	0.263	0.263
Rpa2	-0.008	0.973	0.973
Sf3a2	-1.061	0.00957	0.00957
Tgfb1i1	-0.064	0.767	0.767
Myom1	0.064	0.734	0.734
Snrpc	0.009	0.918	0.918
Dpysl4	0.13	0.052	0.052
Sos1	0.101	0.129	0.129
Sptbn1	0.005	0.918	0.918
Syp	-0.028	0.654	0.654
Tspan7	-0.195	0.119	0.119
Spock1	0.241	0.00413	0.00413
Taf6	-1.249	0.0123	0.0123
Tgoln1	-0.177	0.115	0.115
Trim28	-0.001	0.993	0.993
Tsn	0.06	0.363	0.363
Map3k5	-0.081	0.276	0.276
Tfrc	-0.028	0.829	0.829
Snrnp70	-0.03	0.539	0.539
Supt6h	-0.059	0.888	0.888
Zpr1	-0.071	0.417	0.417
Tpd52	-0.027	0.71	0.71
Speg	0.02	0.876	0.876
Ppp1r13b	-0.033	0.689	0.689
Sorbs1	-0.025	0.624	0.624
Dbnl	0.039	0.504	0.504
Scarb2	0.144	0.268	0.268
Sh3gl1	0.115	0.0853	0.0853
Sh3gl2	0.078	0.17	0.17
Sh3gl3	-0.033	0.698	0.698
Ostf1	-0.332	0.119	0.119
Ndufa4	-0.09	0.328	0.328
Cstb	0.176	0.0381	0.0381
Smad2	-0.034	0.884	0.884
Ndrg1	-0.09	0.337	0.337
Tle4	0.046	0.819	0.819
Vamp1	0.084	0.496	0.496
Atn1	1.096	0.0223	0.0223
Nptx1	0.14	0.0473	0.0473
Fkbp3	-0.078	0.126	0.126
Eif4g2	-0.006	0.939	0.939
Vat1	-0.05	0.355	0.355
Itga3	-0.763	0.0495	0.0495
Vps72	1.303	0.0883	0.0883
Coch	0.432	0.226	0.226
Zyx	0.031	0.686	0.686
Ift52	0.183	0.755	0.755
Ptp4a1	0.021	0.818	0.818
Camsap1	0.018	0.769	0.769
Grcc10	-0.034	0.832	0.832
Ppp3r1	0.04	0.495	0.495
Commd3	0.036	0.669	0.669
Mapk3	0.102	0.383	0.383
Nup62	0.017	0.855	0.855
Omg	0.042	0.515	0.515
Cavin2	0.118	0.483	0.483
Map2k2	-0.102	0.455	0.455
Mef2d	0.005	0.954	0.954
Kcnc3	-0.055	0.553	0.553
Rab34	-0.023	0.897	0.897
Phb2	-0.018	0.8	0.8
Crk	0.031	0.543	0.543
Raly	0.062	0.339	0.339
Tfe3	0.031	0.813	0.813
Mcf2l	-0.128	0.297	0.297
Gdpd5	0.122	0.443	0.443
Hepacam	0.079	0.201	0.201
Spr	0.059	0.262	0.262
Maoa	0.089	0.173	0.173
Btf3	-0.091	0.445	0.445
Aga	0.348	0.41	0.41
Ncam2	0.068	0.276	0.276
Agtpbp1	-0.121	0.346	0.346
Actr3b	0.061	0.211	0.211
Dlx3	0.073	0.476	0.476
Sf1	-0.046	0.708	0.708
Dbh	-0.012	0.961	0.961
Ly6e	0.129	0.266	0.266
Ifit1	-1.183	0.131	0.131
Ccn3	-0.514	0.00588	0.00588
Surf4	-0.166	0.042	0.042
Cd34	-0.237	0.104	0.104
Atp5if1	0.13	0.209	0.209
Npdc1	0.247	0.0762	0.0762
Mea1	-0.043	0.806	0.806
Myo6	-0.073	0.405	0.405
Syn2	0.077	0.265	0.265
Tbr1	-0.054	0.342	0.342
Sqstm1	-0.013	0.907	0.907
Isg15	-1.351	0.0214	0.0214
Abcg1	-0.02	0.965	0.965
Ifit3	-1.068	0.217	0.217
Aktip	-0.132	0.326	0.326
Terf2	-0.14	0.272	0.272
Bcl2l1	-0.126	0.116	0.116
Fkbp5	0.341	0.00151	0.00151
Hspe1	-0.036	0.468	0.468
Atp4a	0.156	0.222	0.222
Sord	0.07	0.258	0.258
Ca4	0.134	0.0364	0.0364
Ptprj	-0.084	0.272	0.272
Gstt1	0.025	0.754	0.754
H2bc9	0.074	0.315	0.315
Bet1l	0.149	0.577	0.577
Ptprd	-0.017	0.713	0.713
Top2b	-0.013	0.884	0.884
Tpp2	-0.066	0.219	0.219
Gk	-0.014	0.829	0.829
Sdc3	0.045	0.689	0.689
Guk1	0.149	0.114	0.114
Gpd2	0.025	0.625	0.625
H2ac21	-0.354	0.0316	0.0316
Nqo1	0	0.999	0.999
Srm	-0.062	0.274	0.274
Gosr2	-0.469	0.0633	0.0633
Ugt8	-0.256	0.278	0.278
St8sia3	0.192	0.285	0.285
Azgp1	-1.017	0.0887	0.0887
Vcl	0.121	0.112	0.112
Cr1l	0.068	0.314	0.314
Gart	-0.035	0.552	0.552
Ptpmt1	-0.019	0.798	0.798
Tpgs2	-0.295	0.606	0.606
TCAIM	0.184	0.393	0.393
Cx3cl1	-0.156	0.247	0.247
Map3k10	-0.238	0.28	0.28
Cbarp	-0.046	0.671	0.671
Plekhg5	0.312	0.0606	0.0606
Slc13a5	0.089	0.603	0.603
Sbno1	-0.234	0.122	0.122
Grm7	-0.034	0.732	0.732
Crtc1	0.13	0.0509	0.0509
Rab3ip	0.164	0.303	0.303
Grm4	-0.013	0.87	0.87
Begain	0.022	0.781	0.781
Cdk2ap1	0.018	0.961	0.961
Rapgefl1	0.069	0.75	0.75
Cltc	0.036	0.517	0.517
Kiaa1549	0.016	0.779	0.779
Atg9a	-0.038	0.586	0.586
Ripor1	-0.006	0.94	0.94
Sanbr	-0.357	0.101	0.101
Git1	0.076	0.169	0.169
Pkp4	0.053	0.288	0.288
Galk2	-0.083	0.485	0.485
Ahcyl2	0.049	0.591	0.591
Ddt	0.092	0.108	0.108
Mars1	-0.061	0.318	0.318
Elfn2	0.068	0.475	0.475
Cntn4	0.032	0.621	0.621
Peak1	-0.412	0.0438	0.0438
Radil	0.52	0.506	0.506
Brsk2	-0.025	0.622	0.622
Znf512	0.049	0.736	0.736
Gpalpp1	0.366	0.267	0.267
Gba2	-0.043	0.542	0.542
Cnnm4	-0.331	0.03	0.03
Lzts3	-0.024	0.775	0.775
Cpsf2	-0.034	0.793	0.793
Arhgap23	0.076	0.234	0.234
Sh3rf1	0.93	0.0879	0.0879
Prex1	-0.143	0.048	0.048
Nlgn2	-0.079	0.228	0.228
Pnkd	0.122	0.141	0.141
Myorg	0.14	0.669	0.669
Isy1	-0.293	0.195	0.195
Hectd1	-0.038	0.681	0.681
Pdzrn3	0.281	0.43	0.43
Psmd4	0.058	0.405	0.405
Sv2c	0.188	0.0838	0.0838
Hbs1l	-0.168	0.0655	0.0655
Kazn	0.167	0.348	0.348
Fan1	0.217	0.492	0.492
Thsd7a	0.101	0.316	0.316
Ehbp1	0.065	0.329	0.329
Ablim3	-0.176	0.193	0.193
Tmcc1	-0.021	0.841	0.841
Macf1	-0.074	0.643	0.643
Ltn1	-0.114	0.381	0.381
Ptpn9	0.106	0.198	0.198
Pds5a	-0.077	0.741	0.741
Swap70	0.366	0.504	0.504
N4bp1	-0.56	0.0568	0.0568
Entrep2	-0.182	0.359	0.359
Atrnl1	0.087	0.447	0.447
Armcx2	0.082	0.793	0.793
Cep170	0.012	0.855	0.855
Cdc5l	-0.097	0.19	0.19
Larp4b	0.174	0.11	0.11
Exoc7	-0.004	0.928	0.928
FAM120A	-0.004	0.95	0.95
Rftn1	-0.348	0.407	0.407
Cyp4x1	-0.014	0.925	0.925
Usp7	-0.006	0.926	0.926
Sidt1	0.409	0.032	0.032
Arhgap21	-0.008	0.859	0.859
Ncoa7	-0.13	0.0714	0.0714
C9orf72	0.173	0.425	0.425
Nop58	0.048	0.703	0.703
Atp11b	-0.22	0.63	0.63
Dhx15	-0.017	0.741	0.741
Brinp2	0.21	0.104	0.104
Smarca2	0.117	0.0903	0.0903
Scaf8	-0.074	0.673	0.673
Lemd2	0.272	0.275	0.275
Carmil1	-0.003	0.981	0.981
Slc25a23	0.016	0.736	0.736
Tmem151a	-0.091	0.793	0.793
Scap	-0.133	0.742	0.742
Nomo1	0.023	0.645	0.645
Abtb3	-0.036	0.583	0.583
Purb	-0.01	0.888	0.888
Islr	1.678	0.132	0.132
Kdsr	0.093	0.332	0.332
Ralgapa1	0.07	0.365	0.365
Hecw2	-0.039	0.479	0.479
Ephx4	0.321	0.401	0.401
Tmem132e	0.009	0.992	0.992
Arhgap20	-0.014	0.926	0.926
Panx2	0.089	0.253	0.253
Gpsm1	0.07	0.258	0.258
Slc18a3	0.019	0.928	0.928
Zcwpw1	-2.13	0.111	0.111
Tpm4	0.078	0.44	0.44
Cltb	0.005	0.917	0.917
Exoc3	-0.022	0.764	0.764
Mvb12b	-0.028	0.787	0.787
Dgkb	-0.003	0.976	0.976
Fbxo41	-0.008	0.886	0.886
Retreg2	0.032	0.732	0.732
Slc6a6	-0.03	0.607	0.607
Npepl1	0.044	0.418	0.418
Sphkap	0.15	0.05	0.05
Dusp23	0.241	0.102	0.102
Rragb	0.661	0.144	0.144
U2surp	0.041	0.665	0.665
Wdr44	-0.018	0.785	0.785
Pptc7	0.058	0.664	0.664
Ocrl	-0.017	0.817	0.817
Cpsf6	0.029	0.727	0.727
Lpcat4	-0.362	0.0192	0.0192
Srsf5	-0.093	0.259	0.259
Krt73	0.026	0.949	0.949
Rprd2	-0.212	0.331	0.331
Wwc2	-0.705	0.423	0.423
Dpp10	-0.023	0.673	0.673
Asic1	0.05	0.572	0.572
Szrd1	-0.08	0.75	0.75
Dnajc8	-0.062	0.443	0.443
Kpna4	-0.152	0.0874	0.0874
Sec23ip	0.073	0.422	0.422
Zc3h11a	-0.04	0.848	0.848
Eif4g1	-0.042	0.474	0.474
Mtcl3	0.003	0.948	0.948
Hdac4	-0.147	0.184	0.184
Rbm26	-0.164	0.143	0.143
Sri	0.071	0.414	0.414
Xpnpep1	0.013	0.817	0.817
Sez6l	0.083	0.542	0.542
Ano3	-0.44	0.139	0.139
Kpna3	-0.047	0.505	0.505
Ppp2r2a	0.002	0.972	0.972
Ankle2	-0.201	0.0216	0.0216
Psd2	0.05	0.839	0.839
Maneal	-0.26	0.381	0.381
Inpp4b	0.359	0.313	0.313
Tnpo3	-0.036	0.521	0.521
Ppp4r3a	-0.141	0.257	0.257
Golm2	-0.234	0.0879	0.0879
Bckdhb	-0.108	0.22	0.22
Ubald1	-0.934	0.123	0.123
Kpna6	-0.156	0.389	0.389
Nudt16	0.067	0.646	0.646
Sik3	-0.068	0.179	0.179
Atg2a	0.058	0.652	0.652
Snx19	0.13	0.499	0.499
Snrnp200	0.02	0.72	0.72
Fam222b	-0.82	0.00154	0.00154
Abcf1	0.036	0.678	0.678
Inppl1	0.136	0.535	0.535
Rrp12	0.093	0.186	0.186
Smug1	-0.273	0.205	0.205
Capn1	-0.004	0.951	0.951
Dhx57	-0.026	0.909	0.909
Smchd1	0.014	0.879	0.879
Uggt1	-0.058	0.287	0.287
Gga2	0.379	0.00207	0.00207
Dgkq	0.136	0.0609	0.0609
Slc39a10	-0.056	0.352	0.352
Ttyh3	0.015	0.828	0.828
Xpo1	-0.066	0.29	0.29
Ubxn7	-0.222	0.224	0.224
Nes	0.013	0.988	0.988
Frmd5	0.348	0.0593	0.0593
Nwd2	0.154	0.13	0.13
Polr2m	0.092	0.763	0.763
Txndc15	0.089	0.425	0.425
Sepsecs	-0.075	0.421	0.421
Pcnp	-0.332	0.0313	0.0313
Tatdn1	-0.014	0.96	0.96
Snx6	-0.052	0.284	0.284
Anp32a	0.132	0.0629	0.0629
Caskin1	0.03	0.527	0.527
Nrxn3	-0.065	0.21	0.21
Kif11	-0.383	0.0445	0.0445
Fkbp15	0.316	0.044	0.044
Oxsr1	0.021	0.695	0.695
Arhgef18	-0.046	0.649	0.649
Mtss2	0.082	0.489	0.489
Smarcd3	-0.284	0.232	0.232
Atl2	-0.079	0.517	0.517
Exoc4	0.103	0.073	0.073
Bcr	-0.023	0.702	0.702
Prmt8	0.011	0.859	0.859
Ahdc1	-0.091	0.636	0.636
Dennd5a	0.177	0.292	0.292
Prkab2	-0.025	0.886	0.886
Txlna	0.006	0.93	0.93
Gapvd1	-0.084	0.142	0.142
Herc4	-0.049	0.528	0.528
Ptpn23	0.035	0.646	0.646
Ppef2	-0.279	0.306	0.306
Lrpprc	-0.026	0.603	0.603
Ano8	-0.102	0.407	0.407
Galnt2	-0.156	0.0413	0.0413
Ttbk1	-0.029	0.64	0.64
Mff	0.059	0.282	0.282
Rgma	0.918	0.0119	0.0119
Magee1	0.452	0.00896	0.00896
Ppp2r5a	-0.049	0.652	0.652
Ip6k1	-0.219	0.0656	0.0656
Phyh	-0.249	0.117	0.117
Ankrd13d	0.01	0.95	0.95
Pigs	-0.007	0.928	0.928
Ppp2r5b	-0.01	0.89	0.89
Trak1	0.125	0.669	0.669
Rundc3b	-0.161	0.129	0.129
Mfsd4a	0.085	0.547	0.547
Smarcc2	0.048	0.383	0.383
Mon1a	0.007	0.96	0.96
Phldb1	0.015	0.892	0.892
Ecpas	-0.126	0.143	0.143
Hax1	-0.05	0.675	0.675
Mindy2	0.04	0.668	0.668
Fbxo42	-0.175	0.19	0.19
Dync1li2	-0.063	0.233	0.233
Srsf1	-0.038	0.46	0.46
Mylk	0.216	0.37	0.37
Chd4	0.035	0.571	0.571
Vstm2l	-0.968	0.0222	0.0222
Sarm1	-0.132	0.0618	0.0618
Rnf220	-0.157	0.398	0.398
Efnb3	-0.137	0.436	0.436
Ccdc85b	-0.054	0.777	0.777
Ado	0.037	0.635	0.635
Snrnp40	0.088	0.199	0.199
Prrt3	-0.056	0.41	0.41
Abhd10	0.121	0.163	0.163
Mob4	-0.009	0.855	0.855
Ctif	0.134	0.243	0.243
Rrm2b	-0.058	0.547	0.547
Mapre3	-0.011	0.841	0.841
Wipf2	0.004	0.938	0.938
Cul4b	0.049	0.407	0.407
Ndufaf6	-0.83	0.142	0.142
Pld3	-0.109	0.0643	0.0643
Pik3c3	-0.029	0.738	0.738
Dlgap3	0.044	0.396	0.396
Nup98	0.056	0.427	0.427
Tmeff1	0.004	0.957	0.957
Tra2a	-0.185	0.0722	0.0722
Nyap1	-0.108	0.489	0.489
Tnks	-0.372	0.00081	0.00081
Naa50	0.067	0.333	0.333
Dhx29	0.084	0.63	0.63
Atraid	0.04	0.792	0.792
Folh1	-0.051	0.749	0.749
Slc6a7	-0.029	0.807	0.807
Morn4	-0.15	0.372	0.372
Exoc8	-0.01	0.893	0.893
Gnl3l	0.038	0.936	0.936
Ubtd2	0.052	0.648	0.648
Bud31	-0.292	0.0913	0.0913
Washc2	0.142	0.0611	0.0611
Dclk2	0.111	0.166	0.166
Erc2	0.057	0.37	0.37
Pdyn	0.153	0.552	0.552
Rab35	0.027	0.643	0.643
Naa35	-0.109	0.0963	0.0963
Snx13	-0.037	0.706	0.706
Cacna2d2	0.154	0.0978	0.0978
Sort1	-0.008	0.878	0.878
Camk2d	0.065	0.484	0.484
Rbm15b	0.024	0.87	0.87
Kcnip4	0.078	0.352	0.352
Atp1a3	0	1	1
Atp1a2	0.035	0.619	0.619
Bok	-0.142	0.464	0.464
Nudcd1	-0.097	0.221	0.221
YJ005_MOUSE	-0.058	0.451	0.451
Dmxl1	-0.07	0.595	0.595
Atp2b4	-0.01	0.856	0.856
Rigi	-0.726	0.0557	0.0557
Bnip1	0.014	0.919	0.919
Rictor	-0.155	0.237	0.237
Tcaf3	-0.065	0.457	0.457
Camk2n1	0.167	0.0216	0.0216
Ppp1r9b	0.074	0.23	0.23
Dhodh	-0.027	0.731	0.731
Magi1	-0.037	0.64	0.64
Fam120b	0.125	0.502	0.502
Flrt1	-0.255	0.347	0.347
Uqcc4	0.555	0.194	0.194
Krit1	-0.125	0.684	0.684
Serp2	0.055	0.882	0.882
Vkorc1l1	-0.16	0.0545	0.0545
Myh14	-0.091	0.214	0.214
Sdk2	0.077	0.226	0.226
Ranbp10	-0.092	0.616	0.616
Prrt1	0.207	0.0252	0.0252
Wdfy3	0.012	0.818	0.818
Ntrk3	0.025	0.782	0.782
Pcp4l1	-0.002	0.986	0.986
Ubr2	0.445	0.0852	0.0852
Dagla	-0.093	0.276	0.276
Kctd12	-0.195	0.0588	0.0588
Eid2	0.109	0.452	0.452
Slc44a1	-0.008	0.963	0.963
Dstyk	0.036	0.88	0.88
Tacc1	-0.09	0.174	0.174
Fkbpl	0.296	0.658	0.658
Gigyf2	-0.158	0.314	0.314
Sbf1	0.011	0.806	0.806
Tiam2	-0.129	0.256	0.256
Tex2	-0.103	0.272	0.272
Ube2o	-0.038	0.489	0.489
Zfyve28	-0.016	0.927	0.927
Pitpnm2	0.077	0.167	0.167
Kcnt1	-0.041	0.817	0.817
Smpd4	-0.038	0.57	0.57
Ibtk	0.115	0.462	0.462
Clcn6	0.046	0.754	0.754
Ankib1	-0.019	0.905	0.905
Klhl9	0.023	0.895	0.895
Kifbp	-0.03	0.604	0.604
Smg5	-0.396	0.0113	0.0113
Kdm3b	0.024	0.954	0.954
Zc3h4	0.043	0.677	0.677
Cnot1	0.01	0.846	0.846
Efr3b	0.019	0.725	0.725
Taok2	-0.15	0.174	0.174
Cand1	0.016	0.739	0.739
Ech1	0.156	0.127	0.127
Larp1	-0.034	0.508	0.508
Arhgap26	0.054	0.311	0.311
Kdm1a	-0.538	0.00565	0.00565
Igsf3	-0.254	0.279	0.279
Ppip5k2	-0.18	0.445	0.445
Nup188	0.055	0.818	0.818
Mlec	0.037	0.628	0.628
Acap2	0.002	0.971	0.971
Wdr43	-0.248	0.442	0.442
Lsm8	0.057	0.351	0.351
Fkbp8	-0.031	0.556	0.556
Rps9	-0.248	0.0619	0.0619
Syne2	0.137	0.187	0.187
Ppp2r2b	-0.185	0.788	0.788
Syne1	0.02	0.665	0.665
Cnih3	0.071	0.719	0.719
Rps27	0.073	0.394	0.394
Rpl10	-0.064	0.395	0.395
Rpl35	-0.149	0.138	0.138
Eif2s1	-0.082	0.153	0.153
Rps27l	-0.072	0.421	0.421
Virma	-0.306	0.145	0.145
Edil3	0.039	0.843	0.843
Ube2r2	-0.128	0.24	0.24
Akap9	-0.063	0.444	0.444
Synm	-0.206	0.499	0.499
Znrf2	-0.141	0.792	0.792
Tm7sf2	-0.547	0.17	0.17
Tln2	0.071	0.17	0.17
Cspg5	0.026	0.703	0.703
Kyat3	0.036	0.665	0.665
Tmem132d	0.228	0.325	0.325
St6gal2	0.483	0.318	0.318
Slc27a2	-0.327	0.348	0.348
Fhod3	-0.215	0.271	0.271
Mindy1	0.007	0.968	0.968
Ppp2r1a	0.005	0.923	0.923
Stambpl1	-0.287	0.0441	0.0441
Mvb12a	-0.025	0.933	0.933
Atp5mk	-0.65	0.0119	0.0119
Apool	-0.023	0.838	0.838
Msrb2	0.089	0.218	0.218
Fbxo22	0.037	0.723	0.723
Ubfd1	0.017	0.858	0.858
Cdk14	-0.018	0.815	0.815
Ccdc25	0.073	0.472	0.472
Snd1	0.003	0.948	0.948
Smim12	-0.287	0.0383	0.0383
Vma21	-0.011	0.956	0.956
Eeig1	-0.263	0.246	0.246
Fam107a	0.135	0.385	0.385
Camk2n2	0.777	0.0702	0.0702
Ostc	0.301	0.0354	0.0354
Nap1l4	-0.069	0.469	0.469
Mtch1	0.019	0.73	0.73
Stx1a	0.111	0.117	0.117
Mtch2	0.049	0.506	0.506
Brd2	-0.342	0.252	0.252
Picalm	-0.037	0.473	0.473
Rtn4rl2	0.162	0.0847	0.0847
Scn4b	-0.223	0.206	0.206
Opalin	-0.322	0.006	0.006
Pank2	-0.152	0.367	0.367
Abhd17b	0.025	0.866	0.866
Asap2	0.053	0.493	0.493
Cyfip1	-0.039	0.478	0.478
Rabep1	0.047	0.518	0.518
Fcsk	-0.061	0.358	0.358
Plppr4	0.024	0.721	0.721
Spag5	0.166	0.393	0.393
Ndufa12	0.008	0.892	0.892
Pik3ip1	0.424	0.177	0.177
Syncrip	-0.013	0.838	0.838
Tubb2a	0.079	0.174	0.174
Wdr91	-0.054	0.476	0.476
Prcp	-0.13	0.632	0.632
Abcg2	-0.21	0.121	0.121
Cd151	0.322	0.144	0.144
Ciao3	-0.046	0.47	0.47
Thoc7	0.378	0.28	0.28
Huwe1	0	0.994	0.994
Smap2	-0.055	0.42	0.42
Cpeb4	-0.199	0.242	0.242
Cpeb3	0.029	0.776	0.776
Luc7l2	0.03	0.77	0.77
Inpp5a	-0.03	0.641	0.641
Spag7	-0.05	0.742	0.742
Psmd14	-0.032	0.597	0.597
Doc2a	-0.024	0.768	0.768
Eml2	0.045	0.478	0.478
Ldhd	-0.331	0.318	0.318
Trim46	-0.081	0.261	0.261
Igsf21	0.081	0.38	0.38
Arhgef4	-0.591	0.00371	0.00371
Micos10	0.097	0.345	0.345
Dek	-0.044	0.681	0.681
Tlcd3b	-0.096	0.342	0.342
Plppr3	0.091	0.314	0.314
Ift81	0.371	0.0779	0.0779
Ints3	0.047	0.764	0.764
Fam185a	0.061	0.566	0.566
Robo2	-0.145	0.104	0.104
Slc7a6os	-0.177	0.521	0.521
Tafa2	-0.239	0.171	0.171
Mycbp2	0.087	0.492	0.492
Prrc2b	-0.071	0.418	0.418
Fsd1	-0.028	0.609	0.609
Actn1	0.05	0.395	0.395
C2cd5	-0.028	0.863	0.863
Adam10	-0.074	0.565	0.565
Dzip3	0.305	0.141	0.141
Mybbp1a	-0.139	0.048	0.048
Lnpk	-0.115	0.106	0.106
Tppp	-0.002	0.97	0.97
Maco1	0.056	0.834	0.834
Amph	0.024	0.594	0.594
Plekha6	-0.017	0.872	0.872
Atxn2l	0.087	0.164	0.164
Otub1	-0.001	0.99	0.99
Ints7	0.373	0.422	0.422
Npc1	0.005	0.991	0.991
Ccdc93	0.056	0.428	0.428
Itpkc	-0.477	0.34	0.34
Amer1	-0.63	0.00517	0.00517
Prrc2a	0.083	0.289	0.289
Stk38l	0.049	0.647	0.647
Lrrc75a	-0.376	0.04	0.04
Ctdp1	-0.08	0.732	0.732
Phkb	-0.017	0.829	0.829
Ccp110	-0.862	0.0205	0.0205
Scaf4	-0.207	0.268	0.268
Bmpr2	0.114	0.407	0.407
Tmem94	0.042	0.819	0.819
Ppp6r1	-0.077	0.531	0.531
Map6	0.016	0.748	0.748
Sez6	-0.388	0.175	0.175
Pdpr	0.023	0.743	0.743
Ube2q1	-0.238	0.0746	0.0746
Samd10	-0.295	0.502	0.502
Pgm2	-0.03	0.772	0.772
Celf4	-0.025	0.671	0.671
Scamp3	0.161	0.0862	0.0862
Nacc1	0.243	0.0284	0.0284
Galnt17	-0.271	0.279	0.279
Elp1	0.097	0.314	0.314
Cdc42bpb	-0.041	0.404	0.404
Ahcyl1	0.071	0.329	0.329
Mib1	0.249	0.0812	0.0812
Prpf38b	0.104	0.408	0.408
Mapda	0.33	0.146	0.146
Gng5	0.322	0.0137	0.0137
Mdm4	4.291	0.00483	0.00483
Sytl5	-0.464	0.044	0.044
Gabbr2	0.07	0.232	0.232
Klhl29	-0.18	0.633	0.633
Csmd3	0.348	0.0439	0.0439
Dcaf5	0.183	0.141	0.141
Mtmr12	0.137	0.157	0.157
Epg5	0.086	0.277	0.277
Vat1l	0.028	0.63	0.63
Rpap1	-0.615	0.151	0.151
Sipa1l2	-0.038	0.873	0.873
Pmm1	0.048	0.394	0.394
Lrrc7	0.075	0.141	0.141
Pcdh19	0.543	0.0635	0.0635
Lrfn2	0.107	0.333	0.333
Erbin	-0.127	0.322	0.322
Gramd1b	-0.03	0.702	0.702
Cadps	0.01	0.849	0.849
Ppm1e	0.146	0.128	0.128
Adcy2	-0.037	0.734	0.734
Phf24	-0.006	0.899	0.899
Mon2	-0.102	0.166	0.166
Slc32a1	0.018	0.744	0.744
R3hdm2	-0.27	0.0998	0.0998
Nisch	0.032	0.592	0.592
Dnajc16	-0.036	0.776	0.776
Zdhhc17	0.11	0.334	0.334
Nav3	-0.315	0.0138	0.0138
Ubr5	-0.231	0.656	0.656
Cyld	0.014	0.782	0.782
Adgrl1	0.013	0.779	0.779
Slit1	-0.859	0.321	0.321
Stag2	0.497	0.106	0.106
Adgrl3	0.097	0.079	0.079
Ddn	0.21	0.385	0.385
Cul9	-0.096	0.532	0.532
Clasp1	-0.02	0.798	0.798
Fnbp1	-0.057	0.517	0.517
Dnajc6	0.049	0.362	0.362
Pja2	0.079	0.5	0.5
Sgsm2	0.436	0.0828	0.0828
Ripor2	-0.129	0.123	0.123
Daam2	0.03	0.814	0.814
Anxa3	-0.165	0.0374	0.0374
Snph	0.072	0.347	0.347
Madd	-0.025	0.71	0.71
Clec16a	0.122	0.414	0.414
Arhgef17	-0.08	0.693	0.693
Rimbp2	0.13	0.0638	0.0638
Cep170b	-0.038	0.438	0.438
Avl9	0.035	0.492	0.492
Rims3	0.228	0.0267	0.0267
Pum2	0.057	0.686	0.686
Mfn2	0.013	0.795	0.795
Ap1b1	0.044	0.49	0.49
Scrib	0.024	0.801	0.801
Pum1	-0.063	0.363	0.363
Usp8	0.021	0.763	0.763
Nup214	0.031	0.842	0.842
Ube3c	0.021	0.814	0.814
Fads6	-0.104	0.494	0.494
Plxna4	0.018	0.746	0.746
Septin9	0.019	0.716	0.716
Rab3gap1	-0.078	0.146	0.146
Sestd1	-0.121	0.31	0.31
Neu1	0.09	0.782	0.782
Naa15	-0.013	0.809	0.809
Mogs	-0.126	0.113	0.113
Dgkz	-0.035	0.536	0.536
Ankrd13a	0.003	0.979	0.979
Slc20a2	0.138	0.416	0.416
Pgrmc2	-0.076	0.385	0.385
Fbxo2	0.14	0.0385	0.0385
Polr2e	-0.386	0.192	0.192
Kcmf1	0.118	0.316	0.316
Adck5	0.055	0.79	0.79
C1qbp	-0.039	0.551	0.551
Bpnt2	-0.133	0.451	0.451
Cpm	-0.063	0.608	0.608
Dtx3	0.006	0.941	0.941
Ap4e1	0.042	0.393	0.393
Camsap3	0.012	0.841	0.841
Fam98b	0.013	0.809	0.809
Sra1	-0.117	0.625	0.625
Dnph1	0.734	0.0452	0.0452
Tdrkh	-0.041	0.469	0.469
Ajm1	0.086	0.124	0.124
Hap1	0.391	0.383	0.383
Tecpr1	-0.027	0.665	0.665
Epn1	0.05	0.385	0.385
Asphd2	0.087	0.636	0.636
Aldh3b1	-0.187	0.0903	0.0903
Ppp1r10	0.073	0.758	0.758
Tmcc2	-0.357	0.15	0.15
Prpf40b	0.066	0.584	0.584
Gstm7	-0.06	0.598	0.598
Thnsl2	-0.532	0.0939	0.0939
Snupn	-0.019	0.878	0.878
Wipi2	-0.118	0.181	0.181
Zmpste24	0.098	0.151	0.151
Ntaq1	0.106	0.452	0.452
Agfg2	0.106	0.108	0.108
Lrrc8a	0.082	0.32	0.32
Mtdh	-0.019	0.698	0.698
Hapln4	-0.029	0.798	0.798
Hapln3	-0.082	0.634	0.634
Vac14	-0.17	0.15	0.15
Fbll1	0.146	0.0593	0.0593
Mgll	0.149	0.195	0.195
Jph4	0	1	1
Aftph	-0.004	0.962	0.962
Ddrgk1	0.107	0.474	0.474
Ubap2l	-0.02	0.732	0.732
Tmem106b	0.039	0.75	0.75
Pelo	-0.225	0.0929	0.0929
C2cd2l	0.071	0.217	0.217
Sympk	0.055	0.743	0.743
Mrps7	0.24	0.0794	0.0794
Mrps12	-0.319	0.391	0.391
Flnb	-0.076	0.326	0.326
Rraga	-0.025	0.868	0.868
Reps2	-0.076	0.398	0.398
Trmt61a	-0.117	0.737	0.737
Usp6nl	0.284	0.468	0.468
Chn2	-0.181	0.536	0.536
Ric8b	-0.039	0.901	0.901
Lrrtm4	0.259	0.0136	0.0136
Eif4g3	-0.017	0.766	0.766
Pip4k2b	0.012	0.849	0.849
Syt3	-0.144	0.145	0.145
Atg2b	-0.02	0.73	0.73
Acad11	-0.707	0.473	0.473
Bdh1	0.09	0.453	0.453
Wnk3	-0.292	0.119	0.119
Tbc1d5	-0.091	0.224	0.224
Atp2c1	-0.084	0.488	0.488
Samd4b	0.744	0.107	0.107
Nucks1	-0.173	0.0171	0.0171
Lrfn4	-0.01	0.903	0.903
Glrx5	0.206	0.00751	0.00751
Myadm	0.006	0.939	0.939
Llgl1	-0.181	0.0713	0.0713
Prickle2	0.087	0.263	0.263
Bsdc1	-0.066	0.509	0.509
Rbsn	0.009	0.939	0.939
Elac2	0.086	0.567	0.567
Dixdc1	-0.662	0.00874	0.00874
Ddhd2	-0.053	0.576	0.576
Ddhd1	-0.086	0.289	0.289
Dpp8	0.203	0.094	0.094
Ndufa1	0.242	0.192	0.192
Cnksr2	0.038	0.52	0.52
F12	0.199	0.516	0.516
Supv3l1	-0.031	0.51	0.51
Sergef	0.158	0.581	0.581
Aatk	-0.181	0.116	0.116
Arhgap33	0.016	0.812	0.812
Bcas1	-0.102	0.477	0.477
Rmnd5a	0.025	0.829	0.829
Serpini1	0.234	0.0814	0.0814
Znf598	0.378	0.131	0.131
Safb2	-0.052	0.727	0.727
Afap1	0.247	0.539	0.539
Zc3hc1	-0.142	0.328	0.328
Trrap	-0.209	0.311	0.311
Pank4	0.114	0.354	0.354
Tnc	0.006	0.944	0.944
Astn2	-0.183	0.291	0.291
Negr1	0.063	0.222	0.222
Shank2	0.08	0.131	0.131
Nudc	-0.121	0.0502	0.0502
Amigo1	0.002	0.981	0.981
Adgrb3	0.014	0.846	0.846
Lrsam1	-0.028	0.846	0.846
Rap2a	-0.039	0.449	0.449
Zer1	-0.175	0.0881	0.0881
Snx32	-0.039	0.763	0.763
Mrps10	0.207	0.152	0.152
Wdtc1	-0.019	0.918	0.918
Mrps26	-0.031	0.669	0.669
Arl5a	-0.501	0.0956	0.0956
Pnn	-0.037	0.741	0.741
Them6	0.005	0.954	0.954
Spag1	0.249	0.354	0.354
Ttc9c	0.172	0.35	0.35
Ddx42	0.006	0.91	0.91
Ankfy1	-0.004	0.952	0.952
Slitrk5	-0.124	0.159	0.159
Slitrk4	-0.012	0.951	0.951
Slitrk3	-0.014	0.961	0.961
Slitrk2	0.57	0.0554	0.0554
Slitrk1	-0.242	0.0685	0.0685
Map7d1	-0.061	0.478	0.478
Sptlc1	0.035	0.732	0.732
Grwd1	0.293	0.363	0.363
Zfyve1	0.115	0.0972	0.0972
Nfasc	0.013	0.78	0.78
Nrcam	0.083	0.127	0.127
Ccdc50	-0.115	0.469	0.469
Atg4c	-0.501	0.147	0.147
Dlg1	0.051	0.321	0.321
Atpaf1	0.049	0.634	0.634
Ireb2	-0.009	0.983	0.983
Mast4	-0.629	0.212	0.212
Noct	-0.2	0.348	0.348
Arhgap32	-0.029	0.544	0.544
Pcyt1b	-0.782	0.239	0.239
Ubp1	-0.091	0.601	0.601
Mfn1	-0.108	0.549	0.549
Srgap3	0.008	0.867	0.867
Cpeb2	0.086	0.604	0.604
Pdk1	0.105	0.154	0.154
Wdr82	-0.225	0.0495	0.0495
Gatd1	0.121	0.068	0.068
Gns	0.056	0.57	0.57
Ring1	0.244	0.131	0.131
Tufm	0.107	0.0597	0.0597
Zfand1	-0.403	0.0649	0.0649
Cpped1	0.049	0.398	0.398
Svop	-0.18	0.0315	0.0315
Rnf214	-0.054	0.446	0.446
Pcid2	0.121	0.709	0.709
Entpd3	0.14	0.543	0.543
Lpp	0.363	0.0109	0.0109
Kctd3	0.033	0.818	0.818
Pef1	0.09	0.71	0.71
Hnrnph1	-0.067	0.538	0.538
Tnpo1	-0.019	0.855	0.855
Actbl2	-0.038	0.45	0.45
Erlin2	-0.113	0.124	0.124
Ppp2r2c	-0.11	0.295	0.295
Hnrnpa3	-0.006	0.905	0.905
Slc6a15	0.213	0.487	0.487
Necab1	0.104	0.378	0.378
Rusc1	-0.424	0.0105	0.0105
Nelfa	-0.021	0.961	0.961
Psmd11	-0.008	0.875	0.875
Api5	-0.039	0.564	0.564
Sv2b	0.032	0.608	0.608
Katnb1	-0.002	0.97	0.97
Tmem169	-0.338	0.207	0.207
Rhot1	-0.001	0.982	0.982
P4htm	-0.149	0.46	0.46
Efr3a	-0.018	0.854	0.854
Sh3bgrl2	0.151	0.232	0.232
Tmem198	0.07	0.769	0.769
Poldip3	-0.098	0.293	0.293
Znf365	-0.143	0.255	0.255
Bcat2	0.196	0.125	0.125
Clvs2	-0.225	0.0193	0.0193
Commd7	-0.017	0.93	0.93
Ppp1r12b	0.011	0.82	0.82
Pknox2	0.133	0.62	0.62
Lrrtm2	-0.13	0.378	0.378
Oxa1l	-0.117	0.213	0.213
Limd2	0.528	0.00521	0.00521
Enoph1	0.043	0.516	0.516
Coq4	-0.133	0.178	0.178
Timm44	-0.089	0.262	0.262
Htatsf1	0.006	0.967	0.967
CE022_MOUSE	0.74	0.371	0.371
Ptgr3	0.02	0.858	0.858
Creg2	0.238	0.195	0.195
Cpt1c	-0.038	0.693	0.693
Coa6	0.185	0.343	0.343
Eif4b	0.002	0.974	0.974
Atg4b	0.135	0.72	0.72
Elmod2	0.776	0.0531	0.0531
Slc25a44	0.056	0.555	0.555
Cops5	-0.003	0.946	0.946
Ubash3b	0.161	0.25	0.25
Samm50	0.008	0.878	0.878
Reep1	0.148	0.04	0.04
Cdc42se2	-0.233	0.228	0.228
Slc7a6	1.022	0.154	0.154
D3Ertd751e	0.088	0.573	0.573
Enpp6	-0.016	0.933	0.933
Nipal3	-0.16	0.438	0.438
Synpr	0.135	0.171	0.171
Slc25a40	0.029	0.634	0.634
Slc1a4	-0.052	0.398	0.398
Vipas39	0.049	0.436	0.436
Aars1	0.03	0.577	0.577
Lrrc8d	0.185	0.487	0.487
Arl15	0.033	0.642	0.642
Gskip	0.278	0.109	0.109
Ublcp1	-0.078	0.603	0.603
Bola2	-0.056	0.56	0.56
Cept1	-0.088	0.374	0.374
Flrt3	0.058	0.842	0.842
Calu	-0.168	0.0555	0.0555
Gpt2	0.334	0.0868	0.0868
Micall1	-0.161	0.337	0.337
Smndc1	-0.257	0.0288	0.0288
Phyhipl	-0.008	0.875	0.875
Galnt12	-0.581	0.0159	0.0159
Ccny	0.021	0.734	0.734
Nars2	0.039	0.814	0.814
Kctd13	0.508	0.217	0.217
Mief1	0.095	0.362	0.362
Atg4d	-0.043	0.898	0.898
Pnisr	0.396	0.0997	0.0997
Lsm2	0.092	0.65	0.65
Fto	-0.136	0.199	0.199
Timm29	0.114	0.078	0.078
Lrtm2	-0.315	0.169	0.169
Eif5a2	0.248	0.0989	0.0989
Klhl26	-0.223	0.503	0.503
Fam210a	0.13	0.0863	0.0863
Slc5a7	-0.239	0.302	0.302
Hpcal4	-0.175	0.0201	0.0201
Fam168a	0.08	0.439	0.439
Cdc23	0.057	0.487	0.487
Cdk5r2	-0.024	0.866	0.866
Pck2	0.106	0.144	0.144
Orai2	0.348	0.0202	0.0202
Cnot10	0.183	0.071	0.071
Tm9sf4	-0.232	0.0424	0.0424
Megf9	-0.651	0.000119	0.000119
Wasf2	-0.023	0.81	0.81
Coro2b	0.077	0.177	0.177
Ubap1	0.41	0.00127	0.00127
Ark2n	-0.08	0.485	0.485
Ctnnd2	0.077	0.139	0.139
Cox14	0.435	0.0261	0.0261
Thnsl1	0.042	0.566	0.566
Wdr48	-0.017	0.786	0.786
Tiprl	-0.003	0.963	0.963
Slc25a12	0.008	0.873	0.873
Gopc	-0.087	0.458	0.458
F13a1	0.26	0.364	0.364
Ehd2	0.163	0.561	0.561
Atl1	0.001	0.982	0.982
Sephs1	-0.021	0.873	0.873
Fxn	-0.395	0.0748	0.0748
Fbxl4	0.181	0.635	0.635
Qpctl	0.092	0.864	0.864
Nup107	-0.074	0.537	0.537
Ano10	-0.093	0.595	0.595
Dglucy	-0.075	0.649	0.649
Echs1	0.126	0.0333	0.0333
Lrrc24	0.007	0.969	0.969
Dtd2	-0.23	0.225	0.225
Rab39b	-0.385	0.00116	0.00116
Dcakd	-0.055	0.379	0.379
Pitpnm1	-0.004	0.938	0.938
Ptbp3	0.262	0.059	0.059
Pcmtd2	0.846	0.0357	0.0357
Gemin8	-0.099	0.898	0.898
Atcay	-0.031	0.585	0.585
Maip1	0.169	0.353	0.353
Pgs1	0.034	0.652	0.652
Nrdc	-0.013	0.785	0.785
Czib	-0.089	0.27	0.27
Cggbp1	-0.521	0.0374	0.0374
Rab9b	0.205	0.117	0.117
Psmb10	-0.138	0.624	0.624
Kbtbd3	0.184	0.632	0.632
Tbl1xr1	0.154	0.531	0.531
Serinc5	-0.616	0.0107	0.0107
Gabra5	0.069	0.799	0.799
Nipa1	-0.01	0.872	0.872
Scn3b	-0.077	0.805	0.805
Tbc1d10b	-0.079	0.245	0.245
Elmo2	0.045	0.368	0.368
Psmf1	-0.09	0.399	0.399
Ppm1l	-0.111	0.329	0.329
Rab33b	-0.03	0.695	0.695
Ganab	-0.04	0.455	0.455
Cstpp1	0.098	0.721	0.721
Rbm22	-0.086	0.679	0.679
Armcx3	0.039	0.752	0.752
Sybu	-1.038	0.013	0.013
B3glct	-0.275	0.244	0.244
Oscp1	-0.136	0.229	0.229
Ano1	0.519	0.00306	0.00306
Snx14	0.362	0.195	0.195
Cyria	-0.073	0.256	0.256
Gamt	0.015	0.921	0.921
Mal2	-0.173	0.325	0.325
Cdkn2aip	-0.161	0.22	0.22
Mia3	-0.202	0.033	0.033
Frmd4a	0.168	0.116	0.116
Cd99l2	0.026	0.817	0.817
Rbfox3	0.097	0.458	0.458
Comtd1	0.037	0.568	0.568
Sap130	-0.145	0.763	0.763
Iars2	0.003	0.951	0.951
Rufy1	-0.228	0.0318	0.0318
Mrpl23	0.029	0.816	0.816
Dock9	0.087	0.224	0.224
Hook1	0.054	0.789	0.789
Dars2	-0.051	0.431	0.431
Cstf2	-0.168	0.0731	0.0731
Ranbp6	0.339	0.0832	0.0832
Slc45a1	-0.494	0.0387	0.0387
Prune1	-0.036	0.505	0.505
Anks1b	0.027	0.766	0.766
Cox15	-0.249	0.137	0.137
Zc3h14	-0.11	0.492	0.492
Sdc4	0.066	0.459	0.459
Dlgap2	-0.061	0.334	0.334
Plppr5	-0.136	0.585	0.585
Nup93	0.095	0.139	0.139
Hmbox1	0.492	0.229	0.229
Itih5	0.54	0.211	0.211
Chmp2b	-0.034	0.689	0.689
Zc2hc1a	-0.026	0.754	0.754
Slc6a17	-0.036	0.599	0.599
Smarcal1	0.042	0.911	0.911
Sun2	-0.05	0.762	0.762
Frmpd1	-0.543	0.192	0.192
Zw10	-0.04	0.663	0.663
Sgta	-0.023	0.656	0.656
Tspan9	0.273	0.0733	0.0733
Mtrf1l	-0.668	0.0511	0.0511
Eif2a	0.071	0.599	0.599
Psmd5	0.079	0.235	0.235
Mrps35	-0.176	0.362	0.362
Miga2	-0.125	0.333	0.333
Tmem11	0.07	0.336	0.336
Ndufv3	-0.015	0.789	0.789
Nop53	-0.02	0.797	0.797
Cavin1	0.188	0.139	0.139
Csnk1a1	-0.032	0.734	0.734
Ahsa1	-0.046	0.337	0.337
Rcc2	-0.107	0.132	0.132
Mrps27	-0.113	0.313	0.313
Elp6	-0.442	0.00221	0.00221
Ipo5	-0.051	0.438	0.438
Pi4kb	-0.041	0.8	0.8
Cyp20a1	-0.45	0.0412	0.0412
Ptk7	0.107	0.52	0.52
Tnrc6b	-0.334	0.0163	0.0163
Ddost	-0.15	0.0487	0.0487
Ppp1r37	0.061	0.638	0.638
Thoc5	0.267	0.469	0.469
Spock3	-0.466	0.00838	0.00838
Baiap2	0.048	0.373	0.373
Smg1	0.069	0.642	0.642
Mterf2	0.077	0.784	0.784
Pdhx	0.022	0.689	0.689
Unk	-0.231	0.134	0.134
Ablim2	-0.033	0.537	0.537
Eea1	0.015	0.792	0.792
Ap3d1	0.017	0.766	0.766
Mblac2	-0.064	0.343	0.343
Srsf7	-0.029	0.577	0.577
Dop1a	0.09	0.707	0.707
Lypd1	0.24	0.135	0.135
Slc17a6	-0.072	0.276	0.276
Nceh1	0.005	0.934	0.934
Plcxd3	0.108	0.405	0.405
Lsamp	0.075	0.135	0.135
Rps6kc1	-0.104	0.329	0.329
Lss	0.273	0.0838	0.0838
Srpk2	-0.124	0.0667	0.0667
Unc80	0.126	0.335	0.335
Cadm2	0.039	0.71	0.71
Cpne4	-0.021	0.807	0.807
Hif1an	-0.191	0.049	0.049
Sowaha	-0.47	0.0881	0.0881
Flrt2	0.066	0.732	0.732
Slc9a7	-0.158	0.296	0.296
Tars3	-0.033	0.571	0.571
Lrfn3	-0.039	0.792	0.792
Olfm2	-0.074	0.209	0.209
Man2b2	-0.207	0.0225	0.0225
Tmem214	0.374	0.125	0.125
Nyap2	0.148	0.176	0.176
Hspa13	-0.04	0.748	0.748
Tbck	0.168	0.236	0.236
Cdh7	-0.073	0.796	0.796
Srp68	-0.048	0.447	0.447
Eif4e2	-0.157	0.216	0.216
Slc25a24	0.324	0.0041	0.0041
Me3	0.048	0.359	0.359
Dapk3	-0.295	0.0743	0.0743
Dlat	0.036	0.498	0.498
Rab3gap2	-0.06	0.243	0.243
Slc25a32	0.596	0.0439	0.0439
Fbxo38	0.222	0.0473	0.0473
Gga3	0.023	0.706	0.706
Lars1	-0.025	0.718	0.718
Eif1ax	-0.114	0.275	0.275
Ckap4	0.017	0.753	0.753
Qars1	0.098	0.156	0.156
Acbd3	-0.136	0.214	0.214
Dffa	-0.016	0.919	0.919
Gtf3c4	-0.064	0.48	0.48
Mon1b	0.201	0.444	0.444
Hadha	0.024	0.605	0.605
Coq3	-0.113	0.311	0.311
Rassf2	-0.308	0.3	0.3
Tsen34	-0.256	0.516	0.516
Larp6	-0.018	0.806	0.806
Fat3	-0.313	0.0301	0.0301
Tcaf1	-0.234	0.242	0.242
Derl2	-0.381	0.209	0.209
Mafg	-0.416	0.0845	0.0845
Nmnat2	0.402	0.506	0.506
Neto2	0.116	0.534	0.534
Kctd6	0.149	0.533	0.533
Spata2l	-0.048	0.501	0.501
Armc6	0.024	0.665	0.665
Kbtbd11	0.041	0.457	0.457
Ncs1	0.059	0.466	0.466
Iqcb1	0.003	0.978	0.978
Sfr1	-0.221	0.298	0.298
Tpd52l1	-0.314	0.012	0.012
Acp6	0.09	0.239	0.239
Nars1	-0.024	0.684	0.684
Metap1	0.198	0.0517	0.0517
Pgghg	-0.175	0.251	0.251
Rpl24	-0.222	0.226	0.226
Rbfox2	-0.651	0.311	0.311
Rcn2	-0.052	0.445	0.445
Dpcd	0.095	0.569	0.569
Mob1b	0.087	0.477	0.477
Tmem177	0.156	0.491	0.491
Focad	0.061	0.672	0.672
Il16	0.119	0.795	0.795
Daam1	-0.184	0.0156	0.0156
Map4k5	-0.264	0.195	0.195
Dmxl2	0.003	0.958	0.958
Sgsm1	0.082	0.267	0.267
Elmo1	-0.091	0.483	0.483
Ppp1r18	0.023	0.965	0.965
Cnpy4	-0.426	0.215	0.215
Eml5	0.164	0.246	0.246
Rgs7bp	0.064	0.312	0.312
Bysl	-0.659	0.0625	0.0625
Gjc2	-0.241	0.376	0.376
Ralgapb	-0.006	0.938	0.938
Cpsf4	0.406	0.319	0.319
Bicd1	0.053	0.897	0.897
Fam177a1	-0.118	0.253	0.253
Kirrel3	0.466	0.0434	0.0434
Rimoc1	-0.145	0.261	0.261
Scfd1	-0.089	0.362	0.362
Tmtc3	0.465	0.278	0.278
Rell2	0.067	0.37	0.37
Rgs7	-0.021	0.719	0.719
Prkaa2	-0.141	0.202	0.202
Man2a2	0.261	0.477	0.477
Cc2d1b	-0.146	0.234	0.234
Clasp2	-0.011	0.836	0.836
Kiaa1671	0.042	0.643	0.643
Cptp	-0.015	0.962	0.962
Ift56	-0.212	0.373	0.373
Gpr89	0.231	0.481	0.481
Pisd	-0.05	0.44	0.44
R3hcc1	-0.2	0.356	0.356
Csnk2a2	0.06	0.499	0.499
Rps6kb1	-0.092	0.741	0.741
Arf2	-0.006	0.905	0.905
Pbrm1	-0.241	0.482	0.482
Ppfia2	-0.04	0.5	0.5
Asph	-1.027	0.000207	0.000207
Ap3s2	-0.1	0.243	0.243
Cpne3	-0.121	0.374	0.374
Sdhaf4	0.286	0.0177	0.0177
Cebpzos	0.17	0.571	0.571
Zmat3	0.556	0.252	0.252
Ralyl	-0.087	0.312	0.312
Tcp11l1	-0.111	0.136	0.136
Ndrg4	-0.13	0.0596	0.0596
Csnk1g1	-0.118	0.614	0.614
Srrm2	-0.042	0.571	0.571
Pik3cb	0.053	0.681	0.681
Enpp4	-0.266	0.354	0.354
Flna	0.388	0.0241	0.0241
Dusp28	0.184	0.377	0.377
Nup54	0.138	0.312	0.312
Gucy1b1	0.059	0.4	0.4
Cfap20	-0.323	0.107	0.107
Tusc3	-0.307	0.0266	0.0266
Cpsf7	0.143	0.131	0.131
Exosc6	0.142	0.571	0.571
Hsdl1	0.008	0.915	0.915
Kyat1	-0.013	0.925	0.925
Slc4a7	0.129	0.45	0.45
Scfd2	-0.129	0.391	0.391
Anapc5	-0.006	0.975	0.975
Ankrd46	0.644	0.171	0.171
Hmgb3	-0.097	0.434	0.434
Gmppb	-0.064	0.401	0.401
Ubr7	-0.096	0.704	0.704
Tox4	-0.052	0.826	0.826
Sec62	-0.191	0.0319	0.0319
Iars1	-0.069	0.255	0.255
Rap2c	-0.187	0.0659	0.0659
Ilvbl	0.053	0.431	0.431
Mrpl22	-0.471	0.0534	0.0534
Aifm2	0.035	0.966	0.966
Senp7	-0.27	0.0819	0.0819
Itgb3	0.439	0.364	0.364
Hook3	0.072	0.247	0.247
Plekha1	-0.041	0.675	0.675
Fam163b	-0.251	0.664	0.664
Slc24a2	-0.134	0.13	0.13
Foxj3	0.262	0.553	0.553
Dock1	-0.285	0.0249	0.0249
Gphn	-0.064	0.339	0.339
Gpr107	0.74	0.0155	0.0155
Timmdc1	-0.193	0.0218	0.0218
Cd200	0.082	0.316	0.316
Gprasp2	-0.168	0.479	0.479
Pggt1b	-0.082	0.862	0.862
Cops7b	-0.002	0.967	0.967
Tmem222	-0.167	0.514	0.514
Ldah	0.078	0.697	0.697
Atp6v1h	0.052	0.324	0.324
Pdcl3	-0.209	0.37	0.37
Dpp9	-0.085	0.346	0.346
Nat14	0.062	0.501	0.501
Qdpr	-0.131	0.126	0.126
Reps1	-0.117	0.112	0.112
Stx16	0.131	0.123	0.123
Snx17	0.049	0.81	0.81
Jakmip1	-0.208	0.111	0.111
Csnk1g2	-0.056	0.862	0.862
Ppme1	0.074	0.385	0.385
Nudt9	-0.005	0.951	0.951
Cep95	0.027	0.819	0.819
Ganc	0.186	0.452	0.452
Wsb2	-0.454	0.0471	0.0471
Rsl1d1	-0.597	0.098	0.098
Il33	0.04	0.865	0.865
Ptrh1	-0.026	0.867	0.867
Ss18l1	-0.177	0.0397	0.0397
Pomgnt2	0.161	0.0795	0.0795
Usp38	0.192	0.478	0.478
Kdm4a	-0.104	0.291	0.291
Maob	0.088	0.271	0.271
Camk1d	0.078	0.46	0.46
Pakap	-0.119	0.308	0.308
Cdk19	0.106	0.734	0.734
Aldh5a1	0.003	0.962	0.962
Arrb1	-0.054	0.277	0.277
Phka2	-0.195	0.252	0.252
Ptges2	0.044	0.486	0.486
B4gat1	0.032	0.761	0.761
Vps35l	-0.109	0.162	0.162
Pithd1	0.087	0.248	0.248
Gprin3	0.054	0.368	0.368
Smarce1	0.09	0.193	0.193
Acaa2	0.115	0.174	0.174
Dip2a	-0.034	0.624	0.624
Sprn	0.796	0.177	0.177
Fam131a	0.238	0.633	0.633
Osgep	-0.052	0.536	0.536
Etnppl	0.737	3.55E-05	3.55E-05
Larp4	-0.15	0.393	0.393
Etf1	-0.104	0.15	0.15
Mblac1	0.299	0.201	0.201
Cldn5	0.036	0.945	0.945
Naa25	-0.063	0.388	0.388
Kank2	0.086	0.661	0.661
Rbbp5	0.095	0.586	0.586
Pgam5	-0.043	0.48	0.48
Gemin5	-0.138	0.113	0.113
Pxk	0.122	0.155	0.155
Vps13c	-0.067	0.208	0.208
Engase	0.367	0.505	0.505
Fndc3a	-0.252	0.376	0.376
Osbpl2	-0.516	0.00249	0.00249
Dnajb6	0.149	0.0851	0.0851
Lrfn5	0.009	0.933	0.933
Clptm1l	-0.41	0.0407	0.0407
Phlpp2	0.042	0.919	0.919
Commd2	-0.281	0.0446	0.0446
Tmem62	0.295	0.433	0.433
Agap1	-0.038	0.667	0.667
Iffo1	0.257	0.187	0.187
Ppm1k	0.067	0.654	0.654
Tmem87a	0.17	0.0845	0.0845
Pigt	-0.085	0.601	0.601
Nlk	0.172	0.118	0.118
Slc7a14	0.024	0.804	0.804
Osbpl6	-0.116	0.236	0.236
Bri3bp	-0.068	0.455	0.455
Tmx3	-0.069	0.318	0.318
Nkrf	-0.085	0.591	0.591
Usp47	0.014	0.864	0.864
Slc44a2	-0.175	0.0309	0.0309
Tbcd	-0.028	0.714	0.714
Prkag1	0.01	0.933	0.933
Poglut1	-0.163	0.561	0.561
Taok3	0.381	0.0195	0.0195
Tbc1d17	-0.077	0.218	0.218
Lpcat2	-0.196	0.572	0.572
Fam234b	0.105	0.182	0.182
Tnr	0.04	0.412	0.412
Phactr3	0.104	0.33	0.33
Ythdf3	-0.063	0.33	0.33
Yars2	0.023	0.802	0.802
Nlgn3	-0.096	0.0932	0.0932
Sema6b	0.942	0.0641	0.0641
Cars2	0.205	0.26	0.26
Itpk1	0.216	0.281	0.281
Fsd1l	-0.111	0.301	0.301
Rhof	0.32	0.15	0.15
Cadps2	-0.024	0.719	0.719
Arhgap25	-0.054	0.67	0.67
Eogt	-0.043	0.817	0.817
Ttc39b	-0.113	0.0881	0.0881
Arap2	-0.288	0.117	0.117
Banf1	0.005	0.973	0.973
Lrrtm3	-0.128	0.286	0.286
Zmat4	0.027	0.862	0.862
Dnm3	0.033	0.472	0.472
Tigar	-0.054	0.389	0.389
Ppcdc	-0.395	0.0679	0.0679
Pogz	-0.651	0.221	0.221
Dcun1d2	-0.015	0.856	0.856
Glmn	-0.012	0.945	0.945
Dock10	-0.257	0.263	0.263
Tnk2	-0.216	0.171	0.171
Anapc2	-0.003	0.984	0.984
Ncbp3	-0.115	0.87	0.87
Sowahb	0.117	0.289	0.289
Nhlrc2	-0.278	0.00669	0.00669
Srek1	0.036	0.887	0.887
Wwp1	-0.067	0.669	0.669
Dzank1	-0.17	0.0227	0.0227
Pak5	0.064	0.305	0.305
Lrrc4c	0.238	0.0697	0.0697
Arhgef10	-0.069	0.749	0.749
Ajap1	-0.46	0.385	0.385
Crym	0.146	0.395	0.395
Rps6ka5	-0.161	0.351	0.351
Map1s	0.001	0.979	0.979
Camkk2	-0.167	0.0652	0.0652
Strip1	0.07	0.39	0.39
Snx16	-0.138	0.16	0.16
Farsa	0.052	0.317	0.317
Arhgap12	-0.21	0.463	0.463
Efl1	0.044	0.591	0.591
Cep68	0.518	0.204	0.204
Vps26b	0.097	0.0784	0.0784
Get3	0.014	0.866	0.866
Agps	0.011	0.958	0.958
Atg16l1	-0.091	0.39	0.39
Sowahc	0.006	0.993	0.993
Slc25a16	-0.124	0.512	0.512
Tmx4	0.159	0.15	0.15
Paox	0.207	0.3	0.3
Cog5	0.193	0.239	0.239
Gpcpd1	-0.041	0.733	0.733
Wdr59	-0.464	0.0405	0.0405
Asrgl1	0.041	0.43	0.43
Slk	-0.045	0.452	0.452
Coro2a	-0.166	0.0195	0.0195
Sipa1l1	0.004	0.94	0.94
Ppp4r4	0.067	0.456	0.456
Fam234a	0.063	0.652	0.652
Lnpep	0.036	0.51	0.51
Slc39a6	0.157	0.208	0.208
Exog	0.128	0.195	0.195
Cpne1	0.013	0.844	0.844
Prepl	-0.028	0.575	0.575
Prom1	0.6	0.052	0.052
Myo9a	0.146	0.364	0.364
Mbnl2	0.015	0.888	0.888
Vps9d1	0.268	0.408	0.408
Thop1	-0.008	0.898	0.898
Camsap2	-0.036	0.593	0.593
Septin11	0.032	0.496	0.496
Iws1	-0.024	0.899	0.899
Tmem120a	-0.035	0.865	0.865
Znf428	-0.082	0.418	0.418
Uqcc5	0.182	0.653	0.653
Cntnap1	-0.03	0.6	0.6
Vash1	0.384	0.046	0.046
Ccz1	-0.121	0.124	0.124
Washc5	0.044	0.643	0.643
Rbm14	-0.019	0.767	0.767
Suco	0.019	0.852	0.852
Fam120c	0.014	0.827	0.827
Hgh1	0.609	0.137	0.137
Mettl3	0.108	0.32	0.32
Shisa7	0.136	0.0398	0.0398
Casp9	0.548	0.11	0.11
CA198_MOUSE	0.007	0.923	0.923
Ccdc90b	0.075	0.622	0.622
Guf1	-0.354	0.0926	0.0926
Lmf2	-0.441	0.0932	0.0932
Gpr158	0.053	0.292	0.292
Vcpkmt	0.282	0.0789	0.0789
Pex5l	-0.045	0.397	0.397
Eri3	0.058	0.499	0.499
Unc119b	-0.035	0.903	0.903
Adgra1	-0.112	0.304	0.304
Bnip3	-0.22	0.356	0.356
Aida	0.003	0.954	0.954
Tmem145	-0.147	0.664	0.664
Csnk1g3	-0.082	0.525	0.525
Nelfb	0.291	0.553	0.553
Endod1	0.093	0.165	0.165
Mb21d2	0.19	0.274	0.274
Heatr5b	-0.062	0.597	0.597
Lmbrd2	0.053	0.648	0.648
Rae1	0.104	0.274	0.274
Nadk2	0.115	0.149	0.149
Trappc3	-0.096	0.187	0.187
Cnot2	-0.306	0.0234	0.0234
Inpp5k	0.197	0.633	0.633
Cwc22	-0.314	0.603	0.603
Tdrp	-0.308	0.122	0.122
Grsf1	-0.092	0.498	0.498
Clmn	-0.072	0.483	0.483
Tbcel	0.116	0.298	0.298
Septin10	0.007	0.971	0.971
Rtkn	0.124	0.528	0.528
Cfap36	0.072	0.454	0.454
Cacna1b	-0.034	0.504	0.504
Cfap410	-0.347	0.49	0.49
Wdr26	0.012	0.877	0.877
Sdhaf2	0.066	0.667	0.667
Usp20	-0.168	0.353	0.353
Btbd9	0.593	0.119	0.119
Hycc2	0.115	0.0765	0.0765
Fam110b	-0.19	0.38	0.38
Vps52	0.137	0.0343	0.0343
Fbxl22	-0.392	0.342	0.342
Crbn	0.013	0.867	0.867
Pgrmc1	0.04	0.593	0.593
Cstf2t	-0.206	0.228	0.228
Mmaa	0.03	0.89	0.89
Pcyox1l	0.017	0.859	0.859
Trim9	0.077	0.144	0.144
Uba6	0.001	0.989	0.989
N4bp3	0.051	0.927	0.927
Emc1	-0.123	0.193	0.193
Arfgef2	-0.015	0.746	0.746
Ptpn3	0.03	0.78	0.78
Impa1	0.03	0.64	0.64
Myef2	0.053	0.331	0.331
Itch	-0.137	0.0575	0.0575
Uba3	0.001	0.983	0.983
Scai	0.107	0.0514	0.0514
Vwc2	0.577	0.0977	0.0977
Ank2	-0.017	0.705	0.705
Elfn1	0.052	0.721	0.721
Tsr2	-0.022	0.709	0.709
Tmem163	0.082	0.433	0.433
Entpd2	0.188	0.0979	0.0979
Dido1	0.309	0.476	0.476
Strip2	0.305	0.154	0.154
Ccdc186	-0.495	0.463	0.463
Gan	0.071	0.67	0.67
Pde10a	-0.084	0.523	0.523
Pgm2l1	-0.013	0.841	0.841
Castor2	-0.091	0.372	0.372
Podxl2	0.208	0.139	0.139
Iba57	0.05	0.522	0.522
Shfl	-0.016	0.818	0.818
Bckdk	0.104	0.517	0.517
Gpc5	0.101	0.463	0.463
Immt	0.035	0.459	0.459
Acat2	-0.083	0.239	0.239
Yod1	-0.317	0.0602	0.0602
Gramd4	-0.12	0.52	0.52
Lrp11	0.145	0.351	0.351
Eloa	0.434	0.407	0.407
Cnst	-0.12	0.09	0.09
Wdr37	0.06	0.256	0.256
Ephb1	-0.289	0.378	0.378
Copb2	-0.072	0.193	0.193
Rnf170	0.016	0.837	0.837
Mfsd6	-0.02	0.913	0.913
Abi1	-0.024	0.622	0.622
Tmem63c	-0.068	0.734	0.734
Gatc	-0.068	0.682	0.682
Dctn4	-0.009	0.885	0.885
Ttc19	0.006	0.961	0.961
Cacnb2	0.328	0.44	0.44
Synpo	0.057	0.331	0.331
Nck2	0.027	0.731	0.731
Naprt	0.225	0.237	0.237
Vwa8	0.044	0.507	0.507
Dcun1d4	0.153	0.308	0.308
Vps53	0.029	0.686	0.686
Prpf31	0.318	0.11	0.11
Ufl1	0.012	0.914	0.914
Amer2	0.09	0.216	0.216
Macroh2a2	0.052	0.323	0.323
Bcas3	0.027	0.663	0.663
Snca	-0.214	0.0562	0.0562
Nemf	0.003	0.973	0.973
Pabpn1	0.074	0.451	0.451
Tceal5	0.101	0.146	0.146
Krt222	0.03	0.711	0.711
Lancl3	0.205	0.249	0.249
Slc35e1	0.03	0.887	0.887
Insyn1	-0.511	0.413	0.413
Inpp5f	-0.443	0.0376	0.0376
Vcpip1	-0.023	0.701	0.701
Pde6d	-0.023	0.869	0.869
Fhip2a	0.044	0.618	0.618
Txnl1	-0.053	0.388	0.388
Hectd2	0.031	0.875	0.875
Klhl11	-0.144	0.603	0.603
Snx30	0.06	0.427	0.427
Map2k7	0.176	0.0487	0.0487
Nup88	0.118	0.451	0.451
Nkiras1	-0.046	0.587	0.587
Ppwd1	-0.028	0.889	0.889
Rdh13	-0.271	0.675	0.675
Tpmt	0.06	0.67	0.67
Ccdc28b	-0.17	0.312	0.312
Bola3	0.292	0.112	0.112
Naa30	-0.098	0.528	0.528
Tab1	0.309	0.0941	0.0941
Amt	0.216	0.171	0.171
Hpf1	-0.269	0.114	0.114
Rcor1	0.843	0.0379	0.0379
Scyl2	-0.075	0.377	0.377
Btbd7	-0.268	0.318	0.318
Slc38a2	-0.329	0.522	0.522
Akap7	0.104	0.258	0.258
Nedd4l	-0.177	0.0245	0.0245
Cdc34	0.273	0.301	0.301
Pars2	0.066	0.576	0.576
Polr2b	0.133	0.177	0.177
Wdr24	0.408	0.132	0.132
Mef2c	-0.232	0.112	0.112
Dnajc27	-0.036	0.896	0.896
Aqr	-0.117	0.306	0.306
Nrn1	-0.384	0.00955	0.00955
Rfk	0.055	0.76	0.76
Impact	-0.048	0.419	0.419
Adprs	-0.011	0.912	0.912
Akr7a2	0.142	0.115	0.115
Tp53bp2	0.609	0.0299	0.0299
Shf	0.521	0.0617	0.0617
Ppm1f	0.069	0.432	0.432
Slc43a2	-0.202	0.088	0.088
Mturn	-0.218	0.279	0.279
Tns2	0.429	0.0638	0.0638
Lsm14b	-0.075	0.622	0.622
Eprs1	-0.016	0.789	0.789
Rap1gap	-0.063	0.231	0.231
Syngr1	-0.076	0.523	0.523
Rgs12	-0.006	0.943	0.943
Arhgap29	0.988	0.238	0.238
Tlcd4	-0.205	0.376	0.376
Wdr47	0.076	0.147	0.147
Tcerg1	0.036	0.51	0.51
Lonp1	0.064	0.2	0.2
Gnal	0.235	0.536	0.536
Adgrb2	0	1	1
H2bc26	0.051	0.599	0.599
Bloc1s1	-0.027	0.9	0.9
Slc24a4	0.052	0.675	0.675
Calcoco1	0	0.997	0.997
Tph2	0.198	0.193	0.193
Ogt	0.017	0.79	0.79
Cherp	0.069	0.614	0.614
Sugp1	1.058	0.00672	0.00672
Sugp2	-0.085	0.233	0.233
Ccar1	0.045	0.592	0.592
Sltm	0.023	0.654	0.654
Trim32	-0.049	0.352	0.352
Strn	0.078	0.241	0.241
Nav1	-0.108	0.0944	0.0944
Synj1	0.053	0.272	0.272
Phlpp1	-0.015	0.951	0.951
Gcc2	-0.022	0.703	0.703
Rapgef2	0.047	0.397	0.397
Septin8	0.044	0.458	0.458
Ep400	-0.78	0.286	0.286
Rln3	-0.14	0.699	0.699
Mboat7	-0.136	0.108	0.108
Pym1	-0.04	0.807	0.807
Nipsnap1	0.035	0.624	0.624
Phc3	-0.397	0.042	0.042
Pgp	-0.013	0.833	0.833
Fbxo4	0.046	0.879	0.879
Vps37a	0.258	0.0239	0.0239
Aldh4a1	0	0.996	0.996
Ngef	-0.055	0.381	0.381
Epn2	-0.014	0.752	0.752
Eif2b5	0.004	0.967	0.967
Rftn2	0.182	0.0223	0.0223
Dym	-0.039	0.874	0.874
Nipsnap2	0.068	0.246	0.246
Gatad2a	-0.189	0.494	0.494
Flywch1	0.186	0.202	0.202
Cog3	-0.294	0.308	0.308
Slain2	-0.141	0.464	0.464
Sphk1	-0.028	0.92	0.92
Bag5	-0.011	0.884	0.884
Cwf19l1	0.261	0.208	0.208
Myl6b	-0.12	0.368	0.368
Pdlim5	-0.119	0.268	0.268
Steap3	-0.199	0.464	0.464
Sap18	0.005	0.949	0.949
Bag4	-0.231	0.125	0.125
Lrrc20	-0.252	0.208	0.208
Vps50	0.055	0.399	0.399
Dis3l2	-0.057	0.266	0.266
Rmnd1	-0.286	0.0995	0.0995
Pygb	0.082	0.207	0.207
Osbpl11	-0.077	0.715	0.715
Fermt2	-0.113	0.143	0.143
Zmiz2	-0.012	0.96	0.96
Septin7	-0.006	0.902	0.902
Copa	-0.055	0.283	0.283
Sidt2	0.699	0.105	0.105
Prmt5	0.058	0.348	0.348
Ppat	-0.021	0.85	0.85
Cdc123	-0.641	0.24	0.24
Cyp2d26	0.04	0.88	0.88
Ints4	0.33	0.44	0.44
Pak2	0.057	0.346	0.346
Celf3	0.043	0.641	0.641
Mark4	-0.023	0.814	0.814
Eif6	-0.025	0.792	0.792
Disp2	-0.104	0.512	0.512
Dock3	-0.053	0.415	0.415
Tmem259	-0.372	0.182	0.182
Tbce	0.044	0.765	0.765
Slc26a6	-0.302	0.324	0.324
Vwf	0.372	0.204	0.204
Mical3	0.03	0.517	0.517
Crocc	-0.048	0.425	0.425
Cmtm4	0.148	0.135	0.135
Acot1	0.019	0.698	0.698
Stau2	-0.138	0.265	0.265
Ahctf1	-0.213	0.574	0.574
Ago3	-0.537	0.0245	0.0245
Ago2	-0.049	0.389	0.389
Ago1	-0.144	0.215	0.215
Plxnb1	0.015	0.807	0.807
Iglon5	0.009	0.945	0.945
Hmgcs1	-0.327	0.00625	0.00625
Thtpa	0.208	0.052	0.052
Rpl35a	-0.206	0.0717	0.0717
Tfb1m	0.318	0.0434	0.0434
Dner	-0.293	0.56	0.56
Cdc73	-0.097	0.449	0.449
Acad9	0.027	0.633	0.633
Rhot2	0.034	0.767	0.767
Syn3	0.101	0.0733	0.0733
Gas2l1	0.509	0.0652	0.0652
Afg3l2	0.014	0.77	0.77
Eif3b	-0.035	0.549	0.549
Acsl5	-0.065	0.527	0.527
Shroom2	-0.068	0.257	0.257
Atp2a2	-0.024	0.664	0.664
Slc4a8	-0.017	0.718	0.718
Lin7a	0.004	0.941	0.941
Mrpl48	0.363	0.259	0.259
Slc25a1	-0.082	0.311	0.311
Amdhd2	0.172	0.0798	0.0798
Cpne5	0.021	0.713	0.713
Sh2d5	0.155	0.0385	0.0385
Rbm17	0.083	0.223	0.223
Cdc42ep2	0.518	0.308	0.308
Commd10	0.205	0.0251	0.0251
Pja1	-0.048	0.651	0.651
Adgrl2	-0.074	0.581	0.581
Tma7	-0.191	0.284	0.284
Spata2	0.182	0.377	0.377
Aldh1l2	-0.08	0.536	0.536
Oplah	0.145	0.0654	0.0654
Fnbp1l	0	0.995	0.995
Bclaf1	0.014	0.814	0.814
Scamp1	-0.071	0.162	0.162
Stard8	-0.254	0.00635	0.00635
Trhde	0.039	0.743	0.743
Slc6a2	-0.066	0.81	0.81
Faim2	-0.077	0.511	0.511
Lmbrd1	0.584	0.105	0.105
Ipo13	0.138	0.375	0.375
Cyp51a1	-0.102	0.101	0.101
Cox19	-0.077	0.527	0.527
Gmds	-0.07	0.233	0.233
Cdk17	-0.028	0.659	0.659
Gfm1	0.018	0.843	0.843
Get1	-0.027	0.86	0.86
Fgb	0.664	0.0253	0.0253
Supt5h	-0.023	0.731	0.731
Tbc1d23	0.047	0.807	0.807
Eipr1	0.096	0.209	0.209
Meak7	-0.159	0.324	0.324
Arhgap18	-0.045	0.48	0.48
Phyhip	0.092	0.113	0.113
Rtn4rl1	0.127	0.269	0.269
Rtn1	-0.046	0.331	0.331
Katnal1	-0.102	0.201	0.201
Hspa12a	0.017	0.713	0.713
Dcun1d3	0.052	0.535	0.535
Ilk	0.042	0.533	0.533
Cnot3	-0.138	0.444	0.444
Fez1	-0.442	0.0137	0.0137
Taco1	0.154	0.0558	0.0558
Plekho2	0.213	0.208	0.208
Mtrf1	0.273	0.218	0.218
Kiaa0319l	-0.221	0.249	0.249
Galm	0.016	0.942	0.942
Pdxk	0.104	0.0637	0.0637
Saysd1	0.219	0.592	0.592
Cmc2	-0.08	0.492	0.492
Chkb	-0.062	0.468	0.468
Tmem41b	-0.069	0.497	0.497
Cc2d1a	-0.039	0.758	0.758
Fermt3	0.123	0.359	0.359
Angel2	0.089	0.64	0.64
Enho	0.014	0.96	0.96
Stx5	0.156	0.494	0.494
Tdrd7	-0.047	0.677	0.677
Wipf1	-0.297	0.195	0.195
Trnt1	-0.117	0.138	0.138
Ppp1r11	-0.001	0.993	0.993
Psmb5	-0.08	0.173	0.173
Glis1	0.126	0.429	0.429
Dnm1l	0.027	0.576	0.576
Pnpla8	0.054	0.47	0.47
Spats2	0.062	0.799	0.799
Pnpt1	0.065	0.514	0.514
Nek9	0.126	0.331	0.331
Lgi4	0.336	0.247	0.247
Unc5a	0.043	0.695	0.695
Wdr11	-0.119	0.188	0.188
Nckap1l	0.084	0.806	0.806
Rngtt	0.484	0.275	0.275
Coq9	0.22	0.0396	0.0396
CA021_MOUSE	0.103	0.494	0.494
Adgrg1	0.341	0.00089	0.00089
Slc31a1	0.103	0.681	0.681
Pacs1	0.03	0.516	0.516
Scmh1	-0.184	0.158	0.158
Lyrm4	-0.125	0.148	0.148
Arfip2	0.006	0.93	0.93
Nat10	-0.038	0.838	0.838
Uvrag	0.027	0.826	0.826
Sigmar1	-0.159	0.213	0.213
Abcf3	0.132	0.149	0.149
Mmgt1	-0.235	0.408	0.408
Fn3krp	-0.02	0.678	0.678
Gtf3c1	0.114	0.531	0.531
Fcho1	0.172	0.499	0.499
Mtmr3	0.177	0.219	0.219
Colgalt1	0.312	0.376	0.376
Anln	-0.042	0.831	0.831
Sdha	0.071	0.197	0.197
Sirt5	0.152	0.0625	0.0625
Dhx9	0.01	0.862	0.862
Os9	0.035	0.592	0.592
Gpat4	-0.591	0.196	0.196
Hacd3	-0.081	0.169	0.169
Edc3	-0.089	0.378	0.378
Brd3	0.172	0.687	0.687
Lsm14a	0.106	0.117	0.117
Bbs7	-0.075	0.889	0.889
Otud6b	0.08	0.359	0.359
Fntb	-0.069	0.578	0.578
Manba	-0.237	0.217	0.217
Ndufaf8	-0.161	0.721	0.721
Alx3	-0.149	0.274	0.274
Plcd3	-0.295	0.36	0.36
Rell1	0.209	0.149	0.149
Agfg1	0.059	0.427	0.427
Trappc12	-0.014	0.842	0.842
Mrpl38	-0.082	0.543	0.543
Rfesd	0.004	0.992	0.992
Slc38a1	-0.229	0.136	0.136
Commd9	0.132	0.279	0.279
Chchd7	0.017	0.921	0.921
Brox	-0.086	0.274	0.274
Pkig	-0.107	0.244	0.244
Shtn1	0.002	0.986	0.986
Nmral1	-0.022	0.868	0.868
Uqcc3	-0.097	0.577	0.577
Paf1	-0.492	0.00617	0.00617
Alkbh6	-0.114	0.121	0.121
Ppp4r1	1.645	0.000602	0.000602
Ipo11	-0.066	0.722	0.722
Stn1	0.299	0.556	0.556
Mrpl47	-0.102	0.0889	0.0889
Ccm2	0.17	0.329	0.329
Dpm1	-0.073	0.307	0.307
Matr3	0.043	0.413	0.413
Champ1	-0.002	0.987	0.987
Inpp5b	-0.073	0.823	0.823
Atat1	0.007	0.94	0.94
Cystm1	0.2	0.125	0.125
Cbr3	-0.037	0.614	0.614
Pigu	-0.767	0.0822	0.0822
Ddx18	0.991	0.00115	0.00115
Acad10	0.392	0.0638	0.0638
Lrrtm1	-0.18	0.0892	0.0892
Pip5k1c	-0.011	0.825	0.825
Dennd1a	0.138	0.309	0.309
Rab15	0.111	0.169	0.169
Plcl2	0.079	0.153	0.153
Hscb	-0.034	0.657	0.657
Mepce	-0.206	0.318	0.318
Fbxo45	-0.058	0.765	0.765
Rnasek	-0.251	0.0498	0.0498
Lzic	-0.161	0.105	0.105
Swi5	-0.19	0.038	0.038
Ahi1	0.201	0.0912	0.0912
Stmn3	0.037	0.662	0.662
Kcnq3	-0.041	0.654	0.654
Appl2	0.006	0.931	0.931
Appl1	0.08	0.16	0.16
Myrip	-0.175	0.244	0.244
Glcci1	-0.202	0.274	0.274
Ndufs8	0.09	0.155	0.155
Optn	-0.306	0.226	0.226
Cables2	0.421	0.144	0.144
Babam2	-0.071	0.588	0.588
Casc3	0.8	0.0743	0.0743
Pip4k2a	-0.134	0.0748	0.0748
Irf2bpl	0.096	0.273	0.273
Pom121	-0.038	0.802	0.802
Stxbp5	0.065	0.349	0.349
Lgi3	-0.052	0.692	0.692
Pitrm1	0.007	0.925	0.925
Abca5	0.133	0.15	0.15
Abca9	0.202	0.403	0.403
Mta1	0.105	0.193	0.193
Abhd11	0.195	0.126	0.126
Ltbp4	-0.175	0.044	0.044
Chrna4	0.54	0.173	0.173
Ablim1	-0.015	0.852	0.852
Arhgef6	-0.355	0.21	0.21
Mrtfa	0.114	0.569	0.569
Pank1	0.397	0.578	0.578
Commd1	-0.174	0.514	0.514
Wdr33	0.447	0.185	0.185
Hecw1	-0.076	0.33	0.33
Rptor	-0.08	0.323	0.323
Cerk	-0.132	0.602	0.602
Pitpnc1	-0.039	0.645	0.645
Eif3d	-0.049	0.482	0.482
Plce1	-0.206	0.12	0.12
Dusp19	0.106	0.336	0.336
Agpat4	-0.273	0.00338	0.00338
Lgi2	0.019	0.896	0.896
Naxe	0.096	0.0889	0.0889
Sf3a1	0.065	0.331	0.331
Slc8a2	-0.018	0.759	0.759
Mcfd2	0.419	0.0448	0.0448
Dcaf8	0.103	0.189	0.189
Ahsa2	-0.219	0.388	0.388
Aif1	-0.518	0.154	0.154
Gpt	-0.029	0.736	0.736
Hibch	0.074	0.239	0.239
Flcn	0.947	0.00152	0.00152
Acat1	0.134	0.059	0.059
Ccsap	0.126	0.0435	0.0435
Stk32c	0.028	0.722	0.722
IntS13	0.501	0.181	0.181
Eif3l	-0.062	0.386	0.386
Tspan14	0.147	0.467	0.467
Sf3b4	-0.035	0.73	0.73
Atp9a	-0.002	0.977	0.977
Tprkb	-0.134	0.501	0.501
Mapre2	0.021	0.705	0.705
Aimp2	-0.088	0.235	0.235
Blmh	-0.03	0.743	0.743
Anapc13	0.026	0.911	0.911
Mrpl58	-0.172	0.0277	0.0277
Smim29	0.037	0.817	0.817
Gspt1	0.022	0.678	0.678
Gale	-0.158	0.0206	0.0206
C1qtnf4	0.197	0.0535	0.0535
Ubr4	-0.038	0.478	0.478
Pgam2	-0.024	0.886	0.886
Itpka	-0.006	0.924	0.924
Hnrnpl	0.029	0.651	0.651
Suox	0.146	0.107	0.107
CA043_MOUSE	-0.345	0.106	0.106
Gtf2f2	-0.03	0.554	0.554
Tceal3	-0.568	0.0186	0.0186
Vstm2a	-0.203	0.615	0.615
Kiaa0513	0.074	0.158	0.158
Ilkap	-0.201	0.0694	0.0694
Eef1b	-0.077	0.246	0.246
Fahd1	0.115	0.136	0.136
Nup133	0.118	0.0896	0.0896
Gga1	0.028	0.708	0.708
Tm2d2	-0.267	0.479	0.479
Vps37b	0.073	0.3	0.3
Adhfe1	-0.263	0.205	0.205
Aamdc	-0.018	0.763	0.763
Iqsec1	0.011	0.849	0.849
Cacnb4	-0.02	0.704	0.704
Hmox2	-0.053	0.431	0.431
Ndfip1	-0.563	0.0881	0.0881
Cacul1	-0.192	0.531	0.531
Sgpl1	-0.198	0.0353	0.0353
Aldh1l1	-0.037	0.428	0.428
Slc25a42	0.058	0.332	0.332
Calhm5	-0.363	0.104	0.104
Sirt3	0.03	0.694	0.694
Vps37c	-0.011	0.916	0.916
Flad1	0.095	0.176	0.176
Sccpdh	0.012	0.847	0.847
Ptp4a2	0.011	0.917	0.917
Tmem119	0.002	0.989	0.989
Pttg1ip	0.318	0.353	0.353
Apeh	0.079	0.265	0.265
Znfx1	0.01	0.908	0.908
Bphl	0.012	0.816	0.816
Ero1a	-0.136	0.0921	0.0921
Syngr3	-0.116	0.227	0.227
Dock7	-0.059	0.314	0.314
Stac2	-0.149	0.501	0.501
Grk6	0.036	0.797	0.797
Eif3c	-0.111	0.0668	0.0668
Cplx3	0.125	0.0655	0.0655
Kcnc4	-0.851	0.0195	0.0195
Niban2	0.133	0.232	0.232
Hid1	-0.106	0.243	0.243
Cmbl	0.131	0.107	0.107
Hopx	-0.193	0.206	0.206
Uqcr10	-0.078	0.475	0.475
Ubac2	0.335	0.106	0.106
Nudcd3	0.042	0.464	0.464
Atxn2	-0.126	0.0979	0.0979
Dync1li1	-0.079	0.134	0.134
Stard7	0.525	0.0216	0.0216
Coq6	0.177	0.0118	0.0118
Chmp7	-0.017	0.871	0.871
Cog4	-0.287	0.17	0.17
Cgref1	-0.53	0.000453	0.000453
Tmed4	0.005	0.983	0.983
Spart	-0.078	0.458	0.458
Bmerb1	0	1	1
Sdsl	0.027	0.886	0.886
Nmt1	-0.126	0.0432	0.0432
Phospho1	-0.317	0.0613	0.0613
Fuom	-0.166	0.662	0.662
Mrps18c	-0.037	0.794	0.794
Gfm2	0.039	0.627	0.627
Aagab	-0.043	0.768	0.768
Mtg1	-0.422	0.264	0.264
Ap3m2	0.012	0.842	0.842
Gtf3c5	0.47	0.0638	0.0638
Nmt2	-0.112	0.205	0.205
Seh1l	0.11	0.438	0.438
Ntmt1	0.476	0.27	0.27
Nudt4	-0.068	0.388	0.388
Adap2	-0.097	0.499	0.499
Abhd6	0.091	0.276	0.276
Mcam	0.003	0.99	0.99
Ptrh2	-0.039	0.595	0.595
Nabp2	0.023	0.878	0.878
Vwa1	0.244	0.131	0.131
Vps18	-0.105	0.147	0.147
Epb41l2	-0.027	0.567	0.567
Exoc6	0.022	0.845	0.845
Ubqln1	0.08	0.17	0.17
Pspc1	0.112	0.0524	0.0524
Nup58	-0.127	0.586	0.586
Cdc16	-0.121	0.334	0.334
Rab11fip5	-0.01	0.85	0.85
Igsf8	0.048	0.358	0.358
Clmp	0.057	0.923	0.923
Commd5	0.028	0.764	0.764
Plcd1	0.067	0.471	0.471
Gpx4	-0.078	0.168	0.168
Brd8	-0.116	0.825	0.825
Tbc1d13	-0.014	0.899	0.899
Wipi1	-0.132	0.537	0.537
Mcat	0.049	0.524	0.524
Ppp1r8	-0.018	0.848	0.848
Hs2st1	-0.135	0.449	0.449
Ttc4	0.915	0.25	0.25
Mboat2	-0.479	0.0836	0.0836
Cog6	-0.317	0.0867	0.0867
Ptcd2	-0.237	0.13	0.13
Syndig1	-0.03	0.937	0.937
Nptx2	-0.199	0.146	0.146
Tcf25	-0.03	0.643	0.643
Slco3a1	-0.021	0.905	0.905
Thoc1	0.89	0.366	0.366
Aspa	-0.227	0.174	0.174
Saraf	0.173	0.238	0.238
Ppp6r2	-0.05	0.363	0.363
Mix23	0.093	0.408	0.408
Gabarapl1	0.145	0.133	0.133
Exoc1	0.032	0.624	0.624
Stxbp6	0.148	0.116	0.116
Ca11	-0.261	0.455	0.455
Sh3glb2	0.01	0.831	0.831
Tsen15	-0.189	0.23	0.23
Irf2bp1	0.033	0.757	0.757
Cacnb1	0.042	0.593	0.593
Micos13	-0.536	0.0427	0.0427
Hexim1	-0.1	0.331	0.331
Abca3	-0.101	0.768	0.768
Cadm4	0.045	0.421	0.421
Nup85	-0.099	0.467	0.467
Gpld1	0.395	0.0728	0.0728
Rufy2	0.215	0.0584	0.0584
Purg	-0.154	0.0877	0.0877
Ntng2	0.091	0.369	0.369
Ntng1	0.185	0.0139	0.0139
Arhgef12	-0.12	0.103	0.103
Neto1	-0.059	0.783	0.783
Clybl	0.053	0.471	0.471
Nup35	0.357	0.00185	0.00185
Ppp1r14c	-0.252	0.16	0.16
Luzp1	-0.092	0.221	0.221
Ctss	-0.394	0.101	0.101
Dusp15	-0.384	0.0546	0.0546
Rbm12	-0.021	0.848	0.848
Lrrc8c	-0.111	0.129	0.129
Mib2	-0.059	0.501	0.501
Sh3kbp1	-0.007	0.933	0.933
Otud7a	0.003	0.96	0.96
Crtac1	0.108	0.316	0.316
Snap47	0.024	0.615	0.615
Prpsap2	-0.048	0.363	0.363
Apbb1ip	-0.262	0.064	0.064
Emc8	-0.099	0.174	0.174
Tbc1d22a	-0.063	0.695	0.695
Actr1b	-0.032	0.614	0.614
Zmynd11	0.116	0.469	0.469
Usp15	-0.078	0.179	0.179
Wasf1	-0.01	0.852	0.852
Gstm4	0.427	0.417	0.417
Arl6ip5	-0.131	0.0747	0.0747
Usp33	-0.286	0.311	0.311
Nol6	-0.403	0.182	0.182
Pdlim1	0.15	0.273	0.273
Vps39	0.036	0.601	0.601
Cadm1	-0.045	0.495	0.495
Tmx1	0.065	0.373	0.373
Aspscr1	-0.103	0.196	0.196
Cops8	0.08	0.179	0.179
Slc6a8	-0.7	0.0677	0.0677
Nae1	0.014	0.871	0.871
Mpdz	-0.237	0.0867	0.0867
Camkk1	-0.007	0.885	0.885
Clptm1	-0.022	0.763	0.763
Tspan6	0.35	0.352	0.352
Tkfc	-0.02	0.802	0.802
Ccdc9	-0.306	0.151	0.151
Rmc1	-0.046	0.711	0.711
Kctd5	1.272	0.0251	0.0251
Nrm	0.285	0.159	0.159
Gca	-0.257	0.156	0.156
Upb1	-0.082	0.65	0.65
Scrn2	0.039	0.751	0.751
Ndc1	0.018	0.908	0.908
Ulk1	0.8	0.00999	0.00999
Spon1	-0.04	0.573	0.573
Reep2	-0.06	0.398	0.398
Gpn1	0.242	0.668	0.668
Nt5m	0.188	0.123	0.123
Plekhh3	0.022	0.886	0.886
Mavs	0.019	0.932	0.932
Rabepk	-0.003	0.98	0.98
Ubxn4	-0.031	0.828	0.828
Fhl2	0.17	0.0917	0.0917
Pex19	-0.008	0.926	0.926
Klhl20	0.014	0.951	0.951
Sco2	-0.356	0.0792	0.0792
Lipt1	0.424	0.282	0.282
Mul1	-0.051	0.841	0.841
Fgg	0.599	0.0252	0.0252
Ncln	-0.037	0.626	0.626
Cth	0.062	0.773	0.773
Cd99	-0.157	0.586	0.586
Tbcc	-0.096	0.299	0.299
Psma3	0.038	0.472	0.472
Nrbf2	-0.036	0.815	0.815
Abhd14b	0.069	0.372	0.372
Fam20b	-0.527	0.151	0.151
Rnpep	-0.058	0.304	0.304
Acsf2	-0.017	0.754	0.754
Micu1	0.093	0.197	0.197
Kptn	0.231	0.288	0.288
Plppr2	0.071	0.198	0.198
Sgsm3	0.035	0.859	0.859
Plch2	0.119	0.177	0.177
Stx7	-0.033	0.649	0.649
Gripap1	0	0.995	0.995
Znf385a	-0.552	0.0073	0.0073
Tmem143	-0.189	0.331	0.331
Sgtb	-0.029	0.677	0.677
Sgip1	0.022	0.708	0.708
Sft2d2	0.089	0.706	0.706
Bles03	0.034	0.549	0.549
Tspyl4	-0.078	0.37	0.37
Pik3r4	-0.01	0.892	0.892
Abhd4	0.02	0.9	0.9
Gnaz	0.039	0.527	0.527
Hip1	0.1	0.174	0.174
Alg12	0.037	0.637	0.637
Lars2	0.055	0.61	0.61
Myh9	-0.006	0.922	0.922
Washc1	-0.095	0.442	0.442
Phip	0.331	0.451	0.451
Parn	-0.322	0.267	0.267
Ppcs	-0.097	0.58	0.58
Fbxo21	0.378	0.152	0.152
Ubac1	0.079	0.276	0.276
Slc16a7	0.053	0.806	0.806
Hdlbp	-0.001	0.992	0.992
Nit1	0.044	0.519	0.519
Adpgk	-0.096	0.452	0.452
Zgpat	-0.466	0.106	0.106
Psmd2	-0.043	0.443	0.443
Hnrnpul1	0.044	0.514	0.514
Atp1a1	-0.006	0.922	0.922
Ccdc92	0.051	0.779	0.779
Steep1	-0.405	0.164	0.164
Vamp4	-0.081	0.614	0.614
Mical1	-0.688	0.0366	0.0366
Ccar2	0.004	0.947	0.947
Cdipt	-0.004	0.938	0.938
Ptgr2	0.095	0.219	0.219
Sirt2	-0.006	0.957	0.957
Rprd1a	0.055	0.755	0.755
Stx18	-0.504	0.394	0.394
Mrpl50	0.179	0.142	0.142
Gpsm2	0.132	0.497	0.497
Snrk	0.016	0.789	0.789
Ubr1	-0.023	0.822	0.822
Ddx39a	0.246	0.339	0.339
Zdhhc5	0.019	0.8	0.8
Ttc39c	0.487	0.0196	0.0196
Mtmr6	0.071	0.443	0.443
Smg8	-0.768	0.076	0.076
Mios	0.082	0.265	0.265
Mrps23	0.018	0.796	0.796
Gdap1l1	0.039	0.463	0.463
Rcc1	0.022	0.883	0.883
Oxnad1	-0.093	0.643	0.643
Snx3	0.024	0.706	0.706
Ankrd49	0.029	0.878	0.878
Uba5	-0.035	0.712	0.712
Ogfrl1	0.176	0.229	0.229
Paip1	0.109	0.089	0.089
Pdcd10	-0.027	0.634	0.634
Thoc3	-0.058	0.854	0.854
Prelid3a	0.029	0.77	0.77
Fam114a2	0.011	0.896	0.896
Rbm4b	-0.044	0.813	0.813
CH082_MOUSE	0.388	0.102	0.102
Snx12	0.072	0.335	0.335
Slc35f6	0.189	0.436	0.436
Srsf4	0.137	0.0575	0.0575
Ccdc115	-0.229	0.273	0.273
Chchd4	0.23	0.0398	0.0398
MACIR	0.719	0.0937	0.0937
Pla2g15	0.062	0.384	0.384
Elac1	-0.276	0.29	0.29
Krt79	-0.285	0.436	0.436
Lgalsl	0.129	0.0613	0.0613
Rpe	0.047	0.777	0.777
Sp3	-0.768	0.1	0.1
Lmcd1	-0.118	0.484	0.484
Rpa1	0.167	0.594	0.594
Gramd1a	0.542	0.0774	0.0774
Exd2	-0.066	0.672	0.672
Arl8a	0.115	0.206	0.206
Epm2aip1	0.081	0.147	0.147
Zng1	-0.036	0.931	0.931
Erlec1	0.217	0.0633	0.0633
Nle1	-0.745	0.22	0.22
Vps4a	0.011	0.879	0.879
Clcn7	-0.204	0.406	0.406
Tmem30a	0.003	0.961	0.961
Rhbdd2	0.081	0.317	0.317
Hnrnpu	-0.043	0.532	0.532
Rem2	0.141	0.709	0.709
Slc25a3	0.098	0.152	0.152
Rbm39	-0.209	0.00733	0.00733
Selenom	-0.019	0.86	0.86
Sec63	0.021	0.871	0.871
Amot	-0.063	0.701	0.701
Agap3	-0.04	0.585	0.585
Hsd17b12	-0.062	0.323	0.323
Adcy3	0.165	0.198	0.198
Pofut2	0.105	0.654	0.654
Wasf3	0.041	0.595	0.595
Mark1	-0.041	0.486	0.486
Caskin2	0.08	0.317	0.317
Mlc1	0.172	0.157	0.157
Dhx36	0.066	0.463	0.463
Slc14a1	-0.131	0.414	0.414
Setd7	0.089	0.227	0.227
Nudt16l1	0.131	0.383	0.383
Klhdc7a	-0.324	0.0613	0.0613
Hcn4	-0.117	0.761	0.761
Serpinb1b	-0.27	0.0433	0.0433
Ppp1r16b	0.235	0.184	0.184
Rab40c	-0.258	0.448	0.448
Acot11	0.202	0.11	0.11
Gatad2b	0.06	0.569	0.569
Baalc	-0.032	0.738	0.738
Cacng8	0.03	0.748	0.748
Flnc	-0.082	0.571	0.571
Cspg4	-0.023	0.724	0.724
Satb2	-0.151	0.203	0.203
Srpk1	-0.249	0.226	0.226
Taf9	-0.338	0.165	0.165
Pxn	0.087	0.504	0.504
Sorcs3	0.042	0.67	0.67
Lrp4	0.105	0.309	0.309
Pcnx3	0.141	0.702	0.702
Mob2	-0.034	0.748	0.748
Ipo4	0.07	0.392	0.392
Sfpq	0.025	0.663	0.663
Nprl3	0.057	0.876	0.876
Irgq	-0.056	0.269	0.269
Diaph2	-0.03	0.695	0.695
Ciapin1	-0.027	0.823	0.823
CS012_MOUSE	0.352	0.0209	0.0209
Lpcat3	0.416	0.238	0.238
Wdr13	-0.033	0.528	0.528
Acot7	-0.052	0.316	0.316
Slc12a5	0.005	0.94	0.94
Abca7	-0.046	0.807	0.807
Nrbp2	-0.179	0.0205	0.0205
Rab14	0.006	0.89	0.89
Smpd2	0.071	0.397	0.397
Chn1	-0.082	0.489	0.489
Sfxn3	-0.005	0.924	0.924
Isoc1	0.023	0.633	0.633
CK054_MOUSE	-0.093	0.411	0.411
Rbm42	-0.027	0.801	0.801
Acly	-0.087	0.132	0.132
Rhobtb2	-0.409	0.331	0.331
Poldip2	0.044	0.625	0.625
Eif4a3	0.077	0.339	0.339
Ppp1r14a	-0.186	0.203	0.203
Dtnb	0.611	0.00396	0.00396
Ghitm	0.041	0.634	0.634
Ndufs1	0.011	0.819	0.819
Slc27a4	-0.005	0.943	0.943
Nifk	-0.193	0.304	0.304
Hnmt	0.044	0.514	0.514
Snx9	0.04	0.826	0.826
Memo1	0.035	0.831	0.831
Rnh1	0.064	0.431	0.431
Aim2	-0.245	0.107	0.107
Cask	-0.002	0.961	0.961
Pqbp1	0.069	0.459	0.459
Itm2c	-0.082	0.356	0.356
Terf2ip	-0.209	0.503	0.503
Zbtb1	-0.168	0.309	0.309
Wdr45	0.1	0.188	0.188
Rbmxl1	0.041	0.449	0.449
Ppa2	0.008	0.867	0.867
Chchd6	0.051	0.321	0.321
Ddx41	0.292	0.48	0.48
Atp5f1c	0.048	0.341	0.341
Pfdn2	0.012	0.867	0.867
Ddx1	-0.037	0.537	0.537
Map1lc3a	0.097	0.116	0.116
Brk1	0.065	0.458	0.458
Mgst1	0.074	0.875	0.875
Cbr4	0.257	0.0389	0.0389
Smim14	-0.118	0.606	0.606
Fam3c	-0.072	0.413	0.413
Dcaf11	0.162	0.289	0.289
Sh3bgrl3	0.076	0.258	0.258
Golga4	0.052	0.802	0.802
Rtn2	-0.998	0.00716	0.00716
Ubap2	-0.467	0.103	0.103
Nxph3	-0.347	0.39	0.39
Smap1	-0.068	0.493	0.493
Tdrd3	-0.308	0.0208	0.0208
Cox4i2	0.502	0.0571	0.0571
Rusf1	0.044	0.721	0.721
Ncoa5	0.069	0.331	0.331
Gldc	-0.046	0.493	0.493
Csde1	0.056	0.277	0.277
Golga7	0.118	0.457	0.457
Ttc3	-0.105	0.45	0.45
Rbms1	-0.139	0.684	0.684
Fbxl15	-0.212	0.108	0.108
Ubl7	-0.171	0.218	0.218
Ube2e2	0.055	0.639	0.639
Vps11	-0.044	0.471	0.471
Man2c1	0.034	0.678	0.678
Txndc5	-0.059	0.531	0.531
Cdc42ep1	-0.159	0.407	0.407
Anapc4	0.332	0.244	0.244
Hkdc1	-0.014	0.853	0.853
Cfdp1	-0.357	0.0236	0.0236
Hdac11	0.024	0.748	0.748
Cxxc5	0.244	0.245	0.245
Sharpin	0.176	0.174	0.174
Setd3	-0.073	0.219	0.219
Acsl6	-0.017	0.795	0.795
Daglb	-0.199	0.139	0.139
Ndufs2	0.038	0.472	0.472
Snx15	0.037	0.716	0.716
Psme3ip1	0.01	0.951	0.951
Rpp25	0.03	0.883	0.883
Fmnl2	-0.038	0.727	0.727
Wiz	0.382	0.0198	0.0198
CR032_MOUSE	0.015	0.922	0.922
Tafa5	-0.147	0.605	0.605
Rabep2	-0.095	0.209	0.209
Elp2	0.15	0.0399	0.0399
Prkag2	-0.076	0.385	0.385
Dgkg	0.177	0.226	0.226
Gne	-0.038	0.927	0.927
Itfg2	-0.005	0.983	0.983
Frs3	0.381	0.0666	0.0666
Spats2l	0.377	0.101	0.101
Znf326	-0.147	0.0766	0.0766
Fubp1	0.059	0.408	0.408
Lrrfip2	0.07	0.561	0.561
Spryd4	-0.097	0.259	0.259
Eif3h	-0.033	0.566	0.566
Gcsh	-0.096	0.603	0.603
Snx11	0.131	0.647	0.647
Wwox	0.109	0.175	0.175
Strbp	-0.131	0.0349	0.0349
Hdhd5	-0.108	0.405	0.405
Rrp9	0.172	0.413	0.413
Sorl1	-0.08	0.371	0.371
Eva1a	0.03	0.805	0.805
Dnajc9	0.385	0.249	0.249
Serpina3n	0.19	0.36	0.36
Yars1	-0.021	0.671	0.671
Cisd1	0.102	0.0614	0.0614
Cbs	0.065	0.562	0.562
As3mt	-0.058	0.406	0.406
Dr1	0.056	0.509	0.509
Ash2l	0.075	0.873	0.873
Nid2	0.127	0.0836	0.0836
Gorasp1	0.076	0.542	0.542
Dcxr	-0.38	0.0549	0.0549
S1pr5	-0.124	0.633	0.633
Zfand2b	0.001	0.993	0.993
Hpx	0.182	0.302	0.302
Erlin1	-0.013	0.91	0.91
Rabif	0.087	0.4	0.4
Ncald	0.027	0.751	0.751
Trex1	-0.674	0.0349	0.0349
Pex16	0.019	0.964	0.964
Wdr1	0.102	0.0864	0.0864
Vps36	-0.106	0.172	0.172
Creld1	0.08	0.147	0.147
Tmem205	0.048	0.733	0.733
Pnpo	0.05	0.403	0.403
Dus3l	0.193	0.126	0.126
Osbpl1a	-0.19	0.0492	0.0492
Dlg2	0.049	0.333	0.333
Wrnip1	0.288	0.0585	0.0585
Pip4k2c	-0.083	0.166	0.166
Basp1	0.055	0.368	0.368
Slc4a4	0.016	0.893	0.893
Pcdhga4	0.141	0.378	0.378
Pcdha7	-0.395	0.0169	0.0169
Slc13a3	-0.254	0.0737	0.0737
Mapk8	-0.054	0.503	0.503
Dcp1a	-0.022	0.936	0.936
Wasl	-0.08	0.199	0.199
Egln1	-0.256	0.239	0.239
Ipo9	0.012	0.883	0.883
Rbm5	0.062	0.76	0.76
Atl3	-0.036	0.753	0.753
Ikbkb	-0.055	0.763	0.763
Asl	-0.016	0.829	0.829
Atg13	0.085	0.785	0.785
Arrb2	-0.05	0.845	0.845
Snx4	-0.032	0.626	0.626
Thyn1	-0.144	0.287	0.287
Mtif2	0.012	0.822	0.822
Lrrc49	0.319	0.0637	0.0637
Rnf126	-0.061	0.623	0.623
Uckl1	0.035	0.765	0.765
Arhgap35	0.06	0.292	0.292
Vti1b	-0.046	0.614	0.614
Tbrg4	-0.158	0.208	0.208
Ferry3	-0.594	0.073	0.073
Uap1	-0.013	0.903	0.903
Bag2	-0.07	0.689	0.689
L2hgdh	0.005	0.95	0.95
Nln	-0.031	0.669	0.669
Csdc2	0.005	0.97	0.97
Rpn1	-0.119	0.0589	0.0589
Twf1	0.134	0.0691	0.0691
Mettl13	-0.16	0.23	0.23
Prpf6	-0.068	0.315	0.315
Camk1	-0.14	0.104	0.104
Ndufv1	0.083	0.148	0.148
Ythdf2	0.652	0.302	0.302
Pgap4	-0.487	0.106	0.106
Dnajc3	-0.005	0.949	0.949
Lpgat1	-0.157	0.22	0.22
Atpaf2	0.108	0.435	0.435
Ptbp2	-0.073	0.563	0.563
Ttc1	0.068	0.238	0.238
Cacna1h	-0.346	0.607	0.607
Fyttd1	-0.163	0.114	0.114
Grhpr	0.102	0.155	0.155
Diras1	-0.096	0.356	0.356
Srgap2	-0.05	0.459	0.459
Srgap1	-0.141	0.858	0.858
Bmp2k	-0.548	0.274	0.274
Pcca	0.057	0.274	0.274
Vangl2	0.265	0.319	0.319
Dnajc24	-0.017	0.943	0.943
Abhd3	-0.252	0.157	0.157
Scn1a	0.034	0.792	0.792
Papss2	-0.15	0.403	0.403
Ugp2	-0.006	0.922	0.922
Sh2b1	-0.05	0.442	0.442
Slc35b2	-0.5	0.167	0.167
Ndfip2	-0.097	0.478	0.478
Necab2	0.119	0.312	0.312
Rab4b	-0.048	0.32	0.32
Snx18	0.06	0.688	0.688
Adarb1	0.28	0.00926	0.00926
Fgd4	0.25	0.368	0.368
Asb6	-0.017	0.931	0.931
Mtx2	-0.043	0.514	0.514
Dst	-0.038	0.591	0.591
Mia2	-0.232	0.138	0.138
Plxdc1	0.703	0.133	0.133
Pofut1	-0.15	0.485	0.485
Smarca5	-0.147	0.243	0.243
Lrp1	-0.012	0.812	0.812
Sncb	0.039	0.494	0.494
Scpep1	-0.217	0.508	0.508
Supt16h	0.094	0.354	0.354
Med28	-0.727	0.00109	0.00109
Adcy1	0.042	0.556	0.556
Fdps	-0.067	0.335	0.335
Wdr7	0.043	0.448	0.448
Fads1	0.162	0.0384	0.0384
Coro6	0.066	0.572	0.572
Syt17	-0.052	0.685	0.685
Hlcs	-0.098	0.543	0.543
Syt12	-0.09	0.374	0.374
Brinp1	-0.029	0.581	0.581
Ak5	-0.047	0.48	0.48
Klc1	0.072	0.146	0.146
Vps16	0.007	0.905	0.905
Msi2	0.191	0.108	0.108
Als2	-0.135	0.17	0.17
Gjc3	-0.07	0.561	0.561
Bicd2	-0.036	0.864	0.864
Rab31	-0.193	0.0131	0.0131
Tardbp	0.122	0.202	0.202
Hnrnpll	0.052	0.43	0.43
Etfdh	0.031	0.53	0.53
Tubgcp2	-0.058	0.413	0.413
Klc2	-0.076	0.294	0.294
Acaa1a	0.066	0.47	0.47
Coa7	-0.258	0.0969	0.0969
Tf	0.202	0.162	0.162
Klhdc4	-0.395	0.746	0.746
Sh3bp4	-1.164	0.00248	0.00248
Rheb	-0.113	0.0999	0.0999
Bcl7b	0.865	0.109	0.109
Tmco1	-0.054	0.377	0.377
Cog2	-0.373	0.0346	0.0346
Kcnk4	0.125	0.464	0.464
Sf3b3	-0.02	0.69	0.69
Golga2	0.147	0.139	0.139
Cyrib	0.021	0.658	0.658
Ddx27	-0.378	0.207	0.207
Tceal1	0.74	0.0403	0.0403
Alg1	-0.091	0.788	0.788
Rin1	0.158	0.111	0.111
Mrpl37	0.143	0.0602	0.0602
Tor1aip1	0.001	0.994	0.994
Smtn	-0.192	0.551	0.551
Dhcr7	-0.22	0.252	0.252
Chmp1a	0.007	0.926	0.926
Cryzl1	-0.088	0.424	0.424
Tnfaip8	-0.264	0.627	0.627
Macrod1	0.142	0.427	0.427
Dars1	-0.072	0.183	0.183
Ppp6r3	-0.04	0.658	0.658
Mthfd1	0.055	0.299	0.299
Pcyt2	0.064	0.382	0.382
Tubb6	0.728	0.291	0.291
Slc25a36	-0.086	0.841	0.841
Capns1	0.02	0.729	0.729
Prmt3	0.096	0.513	0.513
Pdk3	-0.032	0.549	0.549
Gmppa	0.128	0.0814	0.0814
Znf330	0.156	0.115	0.115
Clip1	-0.011	0.828	0.828
Tspan2	-0.176	0.278	0.278
Far1	-0.115	0.335	0.335
Nelfcd	-0.136	0.373	0.373
Dync1i1	-0.044	0.439	0.439
Kctd10	0.506	0.212	0.212
Tmem132a	-0.051	0.63	0.63
Glyr1	-0.147	0.294	0.294
Mtarc2	0.01	0.886	0.886
Pycr2	-0.109	0.14	0.14
Lrrc59	-0.108	0.22	0.22
Chid1	-0.05	0.356	0.356
Phaf1	0.054	0.462	0.462
Pdia6	-0.188	0.0132	0.0132
Pde2a	0.065	0.301	0.301
Dync1i2	0.018	0.745	0.745
Mfap3	0.234	0.572	0.572
Prpf3	0.136	0.232	0.232
Krt5	-0.021	0.95	0.95
Plrg1	0.184	0.027	0.027
Prmt7	0.185	0.292	0.292
Ubxn1	0.004	0.939	0.939
Ggact	-0.245	0.244	0.244
Dbr1	0.566	0.0419	0.0419
Blvrb	0.135	0.311	0.311
Parm1	0.018	0.948	0.948
Tanc2	0.018	0.772	0.772
Ndufaf5	0.17	0.215	0.215
Plin4	1.05	0.0012	0.0012
Sf3b5	0.031	0.719	0.719
Wbp11	-0.005	0.964	0.964
Polr2h	-0.292	0.0557	0.0557
Gtpbp3	-0.158	0.532	0.532
Csmd1	-0.004	0.942	0.942
Ppp1r16a	0.065	0.696	0.696
Rab30	-0.032	0.855	0.855
Camk2g	-0.019	0.761	0.761
Tom1l1	0.197	0.267	0.267
Tgs1	-0.163	0.207	0.207
Pde8a	0.035	0.872	0.872
Glrx2	0.436	0.0446	0.0446
Gprc5b	-0.043	0.64	0.64
Mto1	0.037	0.903	0.903
Cic	0.054	0.388	0.388
Xpo5	-0.026	0.811	0.811
Rtn4ip1	-0.035	0.83	0.83
Wac	-0.513	0.255	0.255
Mta3	0.113	0.288	0.288
Letmd1	-0.008	0.892	0.892
Mpi	0.114	0.216	0.216
Cntfr	0.095	0.182	0.182
Slc12a6	-0.012	0.901	0.901
Spred2	-0.068	0.674	0.674
Spred1	-0.06	0.419	0.419
Mrps2	-0.141	0.231	0.231
Rnf31	-0.17	0.358	0.358
Cers2	-0.07	0.779	0.779
Xpo6	-0.534	0.486	0.486
Pawr	0.144	0.621	0.621
Ppp2r2d	-0.164	0.232	0.232
Esam	-1.207	0.000702	0.000702
Shoc2	-0.152	0.217	0.217
Asic2	-0.159	0.443	0.443
Atad3a	0.054	0.325	0.325
Med1	0.583	0.123	0.123
Sfxn5	-0.004	0.944	0.944
Sfxn4	0.209	0.343	0.343
Dach2	-0.083	0.821	0.821
Grip1	-0.021	0.907	0.907
Taldo1	-0.1	0.0811	0.0811
Rnf112	-0.405	0.0815	0.0815
Hnrnpab	0.055	0.293	0.293
Ikbkg	0.029	0.772	0.772
Myo5a	-0.056	0.282	0.282
Sec14l2	-0.042	0.435	0.435
Wdr77	-0.005	0.934	0.934
Ctu1	-0.008	0.962	0.962
Mcoln1	0.016	0.94	0.94
Slc33a1	0.005	0.978	0.978
Ophn1	0.039	0.602	0.602
Thumpd1	0.003	0.97	0.97
Mlycd	-0.092	0.274	0.274
Nrbp1	0.219	0.00939	0.00939
Ppt1	-0.164	0.135	0.135
Dhrs7b	0.141	0.36	0.36
Derl1	0.004	0.982	0.982
Nans	0	1	1
Atg5	-0.183	0.479	0.479
Nptxr	0.061	0.276	0.276
Ifitm2	-0.105	0.732	0.732
Cdk9	-0.245	0.39	0.39
Mpst	0.027	0.595	0.595
Stoml2	0.059	0.343	0.343
Zfr	-0.11	0.13	0.13
Pacsin3	0	1	1
Mvd	-0.001	0.987	0.987
Psip1	0.089	0.168	0.168
Gpr37l1	-0.036	0.689	0.689
Clstn3	-0.073	0.561	0.561
Psmd6	-0.054	0.469	0.469
Rap1b	0.05	0.476	0.476
Klhl22	0.019	0.715	0.715
Map4k3	0.039	0.624	0.624
Cdc26	-0.251	0.108	0.108
Ddc	0.182	0.0616	0.0616
Ggt7	0.009	0.901	0.901
Sfxn1	0.15	0.024	0.024
Tinagl1	0.238	0.224	0.224
Smarcd2	0.648	0.255	0.255
Gatb	-0.078	0.49	0.49
Adi1	0.078	0.431	0.431
Abhd17a	0.202	0.419	0.419
Acy1	0.013	0.847	0.847
Lims1	-0.279	0.0725	0.0725
Cops3	-0.097	0.182	0.182
Gorasp2	-0.102	0.191	0.191
Eif3m	0.046	0.679	0.679
Nxf1	-0.188	0.235	0.235
Hadhb	0.107	0.116	0.116
Plpp3	-0.138	0.0452	0.0452
Actr3	0.038	0.427	0.427
Pdxdc1	-0.089	0.407	0.407
Nlgn1	-0.022	0.849	0.849
Ufsp2	0.262	0.149	0.149
Arfgap2	0.056	0.416	0.416
Cops4	-0.049	0.364	0.364
Eps8l2	-0.352	0.0598	0.0598
Usp11	-0.081	0.34	0.34
Nono	0.086	0.136	0.136
Pls3	-0.04	0.423	0.423
Aass	0.178	0.126	0.126
Rragc	-0.025	0.787	0.787
Psat1	0.029	0.622	0.622
Hagh	0.063	0.201	0.201
Vwa5a	-0.115	0.332	0.332
Rtf1	-0.157	0.0669	0.0669
Cops6	0.108	0.0804	0.0804
Me2	0.024	0.757	0.757
Tmed9	-0.256	0.146	0.146
Rbm10	0.173	0.148	0.148
Stk24	0.018	0.794	0.794
Aco2	0.003	0.956	0.956
Emc3	-0.278	0.0433	0.0433
Dctn2	-0.001	0.982	0.982
Cmas	-0.048	0.471	0.471
Dpp3	-0.024	0.619	0.619
Hars2	-0.003	0.96	0.96
Men1	-0.274	0.785	0.785
Rab28	0.397	0.234	0.234
Ciao1	-0.031	0.803	0.803
Clint1	-0.06	0.407	0.407
Cryl1	-0.011	0.867	0.867
Prpf19	0.058	0.334	0.334
Nampt	-0.082	0.241	0.241
Lactb2	-0.023	0.774	0.774
Rnf34	0.063	0.721	0.721
Ppif	0.05	0.338	0.338
Vmp1	-0.109	0.476	0.476
Hnrnpa2b1	0.027	0.623	0.623
Dnajb11	-0.168	0.0634	0.0634
Itfg1	-0.031	0.739	0.739
Mlf2	0.133	0.0329	0.0329
Gak	0.088	0.14	0.14
Pagr1a	0.086	0.744	0.744
Dhrs1	0.091	0.132	0.132
Hibadh	-0.041	0.396	0.396
Gstt3	0.114	0.462	0.462
Gmpr2	0.164	0.173	0.173
Cds2	-0.054	0.626	0.626
Comt	-0.002	0.966	0.966
Eif2s2	-0.061	0.39	0.39
St13	-0.042	0.458	0.458
Nmd3	-0.291	0.116	0.116
Elp5	0.052	0.844	0.844
Sntb1	0.106	0.441	0.441
Dhrs4	0.049	0.608	0.608
Mat2b	0.052	0.477	0.477
Sardh	0.074	0.512	0.512
Cstf1	-0.056	0.728	0.728
Ndufa10	0.061	0.295	0.295
Becn1	-0.007	0.894	0.894
Etfa	0.004	0.936	0.936
Eif2b1	-0.18	0.138	0.138
Pex6	-0.083	0.757	0.757
Gps1	-0.037	0.517	0.517
Ddah2	-0.03	0.684	0.684
Eif2b2	0.201	0.288	0.288
Abcf2	-0.008	0.914	0.914
Rtcb	-0.041	0.432	0.432
Tmem51	0.084	0.814	0.814
Tnpo2	-0.012	0.872	0.872
Cacng2	-0.055	0.263	0.263
Ttc5	-0.391	0.0326	0.0326
Ptdss1	-0.273	0.167	0.167
Clcc1	-0.243	0.0163	0.0163
Cstf3	-0.174	0.113	0.113
Hgs	0.048	0.326	0.326
Cttnbp2nl	-0.041	0.904	0.904
Fuca1	-0.822	0.026	0.026
Pwp1	-0.325	0.0303	0.0303
Cdk5rap3	-0.287	0.0933	0.0933
Dohh	0.539	0.000591	0.000591
Grpel1	0.033	0.486	0.486
Abhd12	0.03	0.688	0.688
Psph	-0.102	0.159	0.159
Dpy30	-0.029	0.755	0.755
Yaf2	0.11	0.656	0.656
Park7	-0.025	0.626	0.626
Ndufs5	0.045	0.4	0.4
Fars2	-0.267	0.145	0.145
Lias	0.152	0.241	0.241
Coa5	0.688	0.412	0.412
Gosr1	0.334	0.38	0.38
Rnps1	-0.05	0.452	0.452
Hspa14	0.014	0.894	0.894
Nck1	-0.206	0.00833	0.00833
Epdr1	0.009	0.868	0.868
Ptprt	-0.176	0.151	0.151
Dnaja3	-0.042	0.626	0.626
Rnf141	0.181	0.186	0.186
Nasp	-0.164	0.0314	0.0314
Wdr6	-0.26	0.345	0.345
Erc1	0.088	0.177	0.177
Pak1	0.088	0.128	0.128
Ddx50	-0.288	0.211	0.211
Grk2	-0.014	0.831	0.831
Dipk1b	0.269	0.408	0.408
Kars1	0.023	0.734	0.734
Pccb	0.105	0.0773	0.0773
Brap	0.043	0.651	0.651
Actl6b	0.02	0.789	0.789
Gigyf1	0.064	0.635	0.635
Slc12a9	-0.028	0.861	0.861
Srrt	-0.03	0.626	0.626
Lamtor3	-0.104	0.305	0.305
Mccc1	0.091	0.125	0.125
Mpv17l	0.123	0.591	0.591
Tpgs1	0.032	0.907	0.907
Adar	0.092	0.363	0.363
Tktl1	0.036	0.672	0.672
Tmem121b	0.098	0.0835	0.0835
Hdac9	-0.094	0.631	0.631
Cadm3	0.094	0.107	0.107
Sytl2	-0.223	0.0527	0.0527
Skt	0.014	0.793	0.793
Dgka	0.037	0.754	0.754
Raf1	0.149	0.478	0.478
Mrps18b	0.037	0.664	0.664
Mrps18a	-0.193	0.139	0.139
Mrps5	-0.005	0.965	0.965
Mrpl43	0.058	0.85	0.85
Mrpl34	0.211	0.223	0.223
Mrpl27	0.251	0.415	0.415
Mrpl16	0.399	0.202	0.202
Mrpl9	0.001	0.997	0.997
Mrpl3	-0.241	0.615	0.615
Psmc3	0.012	0.834	0.834
Mrpl1	0.095	0.169	0.169
Acss1	0.212	0.0146	0.0146
Ubqln4	-0.272	0.0435	0.0435
Sf3b1	0.049	0.383	0.383
Rims1	0.053	0.493	0.493
Nsmf	-0.141	0.179	0.179
Cep41	0.112	0.471	0.471
Ankrd17	-0.085	0.222	0.222
Nudt7	0.759	0.00298	0.00298
Hspbp1	-0.108	0.271	0.271
Clpp	0.09	0.162	0.162
Cntnap4	-0.049	0.337	0.337
Rab27b	0.231	0.211	0.211
Rtn4	-0.022	0.669	0.669
Nup155	-0.005	0.935	0.935
Ogfr	-0.094	0.374	0.374
Lrrc4	0.07	0.538	0.538
Lpin2	-0.172	0.351	0.351
Rtn4r	-0.006	0.948	0.948
Ntm	-0.008	0.893	0.893
Rrbp1	-0.155	0.0644	0.0644
Stk16	-0.194	0.599	0.599
Ubxn6	0.039	0.496	0.496
Gtf2a1	-0.546	0.0427	0.0427
Trim33	0.066	0.579	0.579
Arhgdia	0.025	0.596	0.596
Acsbg1	-0.096	0.102	0.102
Dhx30	0.023	0.662	0.662
Prpf8	0.033	0.475	0.475
Tp53rkb	-0.142	0.576	0.576
Selenos	-0.443	0.466	0.466
Ndufa5	0.133	0.0245	0.0245
Hcn2	-0.088	0.272	0.272
Cox6c	0.113	0.302	0.302
Tomm22	0.072	0.613	0.613
Atp5mg	0.175	0.0633	0.0633
Rwdd4	-0.058	0.723	0.723
Rpl17	0.016	0.882	0.882
Mrpl15	0.082	0.637	0.637
Sike1	0.175	0.582	0.582
Hint3	0.124	0.224	0.224
SMAKA_MOUSE	0.135	0.129	0.129
Nanp	-0.063	0.741	0.741
Hcn1	0.071	0.226	0.226
Mydgf	-0.03	0.68	0.68
Nop16	-0.19	0.814	0.814
Glo1	0.101	0.0909	0.0909
Mgst3	-0.192	0.122	0.122
Mrpl42	-0.3	0.0479	0.0479
Glod4	0.008	0.882	0.882
P2ry12	-0.201	0.159	0.159
Cntnap2	0.044	0.493	0.493
Fdx2	-0.355	0.00693	0.00693
Arpc5	-0.04	0.461	0.461
Hcn3	-0.246	0.0677	0.0677
Atg3	0.063	0.443	0.443
Mrps16	0.145	0.303	0.303
Mrpl51	0.119	0.613	0.613
Gid4	-0.48	0.153	0.153
Lap3	-0.115	0.0581	0.0581
Ormdl3	-0.462	0.054	0.054
Cmc1	-0.401	0.0616	0.0616
Dmac1	-0.054	0.503	0.503
Commd4	0.176	0.272	0.272
Mrpl24	-0.103	0.358	0.358
Ctbp1	0.001	0.985	0.985
Chmp3	-0.066	0.356	0.356
Myl9	-0.022	0.653	0.653
Mid1ip1	0.172	0.514	0.514
Lamtor1	-0.002	0.974	0.974
Stambp	0.18	0.247	0.247
Lztr1	0.263	0.424	0.424
Mrpl49	0.047	0.723	0.723
Dut	0.065	0.814	0.814
Nenf	-0.047	0.529	0.529
Map7	-0.013	0.825	0.825
Nudcd2	0.113	0.102	0.102
Ncbp2	0.129	0.526	0.526
Ndufc2	0.017	0.789	0.789
Use1	0.063	0.753	0.753
Pgls	-0.083	0.21	0.21
Decr1	0.097	0.165	0.165
Mtap	0.075	0.212	0.212
Uqcrq	0.191	0.0355	0.0355
Leprotl1	-0.277	0.347	0.347
Ndufa2	0.102	0.142	0.142
Hsd17b7	0.231	0.0993	0.0993
Txndc9	-0.174	0.0207	0.0207
Vps25	-0.021	0.853	0.853
Timm22	-0.097	0.484	0.484
Mien1	-0.102	0.222	0.222
Tspan31	-0.114	0.45	0.45
Cuta	0.21	0.0245	0.0245
Ndufa3	-0.121	0.0891	0.0891
Fis1	-0.036	0.644	0.644
Trappc5	-0.041	0.7	0.7
Sdhb	0.113	0.0782	0.0782
Ppig	0.065	0.717	0.717
Bsn	0.04	0.429	0.429
Chchd1	-0.437	0.022	0.022
Ntpcr	-0.534	0.209	0.209
Mcrip2	-0.024	0.963	0.963
Cisd2	-0.041	0.584	0.584
Lyrm1	-0.499	0.169	0.169
Bzw1	-0.126	0.131	0.131
Ndufb4	0.089	0.173	0.173
Spg21	0.294	0.351	0.351
Sar1b	-0.022	0.673	0.673
Rab5a	0.186	0.148	0.148
Birc6	-0.002	0.99	0.99
Chmp1b2	-0.101	0.207	0.207
Nipsnap3b	0.053	0.57	0.57
Tmem223	-0.04	0.808	0.808
Mrps17	-0.232	0.129	0.129
Rgs10	-0.371	0.0317	0.0317
Ergic3	-0.097	0.364	0.364
RTRAF	-0.036	0.685	0.685
Mrpl11	-0.012	0.935	0.935
Nudt21	0.079	0.313	0.313
Mtres1	0.067	0.693	0.693
Gdap1	0.137	0.0342	0.0342
Aasdhppt	0.088	0.681	0.681
Pcyox1	-0.062	0.431	0.431
Mettl16	-1.731	0.0947	0.0947
Ndufb5	-0.032	0.65	0.65
Btf3l4	-0.076	0.168	0.168
Gmfb	0.154	0.0499	0.0499
Cotl1	0.058	0.355	0.355
Snrpb2	-0.01	0.874	0.874
Pih1d1	0.225	0.46	0.46
Scrg1	0.271	0.219	0.219
Denr	-0.069	0.32	0.32
Ndufb9	-0.1	0.161	0.161
Rwdd1	-0.11	0.338	0.338
Mrpl20	0.125	0.305	0.305
Mrpl18	0.002	0.987	0.987
Mrpl35	-0.169	0.528	0.528
Mrfap1	0.207	0.353	0.353
Txndc17	0.148	0.112	0.112
Glrx3	-0.041	0.466	0.466
Tom1	-0.02	0.782	0.782
Trap1	0.009	0.878	0.878
Tomm6	0.243	0.0965	0.0965
Tmem14c	-1.109	0.00832	0.00832
Mrpl41	-0.03	0.841	0.841
Mrpl33	-0.137	0.581	0.581
Trappc2	-0.024	0.752	0.752
Chchd5	-0.311	0.401	0.401
Smim8	-0.391	0.135	0.135
Atp5pb	0.006	0.894	0.894
Lsm7	-0.035	0.754	0.754
F11r	-0.617	0.0304	0.0304
Rps21	-0.12	0.0652	0.0652
Acot13	0.238	0.067	0.067
Ppp6c	-0.04	0.702	0.702
Nop10	-0.004	0.986	0.986
Slc25a46	0.062	0.461	0.461
Sec61b	-0.217	0.0194	0.0194
Mri1	-0.17	0.361	0.361
Txndc12	0.112	0.32	0.32
Rer1	-0.26	0.0244	0.0244
Zwint	-0.157	0.0576	0.0576
Rpp30	0.164	0.287	0.287
Immp1l	0.184	0.629	0.629
Pam16	-0.045	0.706	0.706
Retreg3	-0.229	0.258	0.258
Mrps24	-0.152	0.53	0.53
Map1lc3b	0.056	0.512	0.512
Dnajc19	0.019	0.895	0.895
Ywhab	0.031	0.617	0.617
Emc6	-0.4	0.0769	0.0769
Ykt6	0.003	0.956	0.956
Arl8b	0.08	0.505	0.505
Dcx	0.273	0.0306	0.0306
Cyb5b	0.06	0.304	0.304
Cldnd1	-0.04	0.595	0.595
Kgd4	0.094	0.13	0.13
Atg12	0.81	0.0209	0.0209
Ramac	-0.031	0.79	0.79
Uqcc2	-0.158	0.0749	0.0749
Hsbp1	0.227	0.396	0.396
Ndufa6	-0.061	0.479	0.479
Ndufb3	-0.018	0.76	0.76
Stam2	-0.105	0.429	0.429
Psmd9	0.075	0.149	0.149
Tma16	-0.338	0.0598	0.0598
Ufc1	0.012	0.904	0.904
Oxld1	0.521	0.0532	0.0532
Fmc1	-0.074	0.767	0.767
Ppid	-0.033	0.589	0.589
Ndufab1	0.193	0.0558	0.0558
Tmem9	-0.05	0.705	0.705
Nudt8	0.371	0.0253	0.0253
Dph2	-0.163	0.245	0.245
Vta1	0.049	0.541	0.541
Washc3	0.089	0.348	0.348
Ccdc43	-0.134	0.497	0.497
Josd2	-0.223	0.416	0.416
Wdr45b	0.42	0.0673	0.0673
Hypk	0.253	0.00694	0.00694
Atp6v1g1	-0.073	0.429	0.429
Rpl14	-0.271	0.338	0.338
Gadd45gip1	0.064	0.507	0.507
Ralgps1	0.385	0.209	0.209
St3gal5	0.523	0.164	0.164
Golt1b	-0.109	0.863	0.863
Ndufb7	-0.034	0.645	0.645
Slc25a11	0.007	0.889	0.889
Tmem167a	-0.292	0.291	0.291
Tmem33	-0.111	0.199	0.199
Uqcrfs1	0.057	0.263	0.263
Lage3	-0.264	0.49	0.49
Tmem186	-0.116	0.65	0.65
Carhsp1	0.123	0.11	0.11
Mrps14	0.235	0.295	0.295
Shd	0.019	0.89	0.89
Ergic2	-0.236	0.413	0.413
Necap1	0.15	0.0435	0.0435
Fam136a	0.164	0.074	0.074
Msmo1	-0.261	0.271	0.271
Golph3	-0.136	0.292	0.292
Dmac2l	0.051	0.617	0.617
Fgfr1op2	-0.003	0.959	0.959
Nhp2	0.348	0.016	0.016
Tppp3	0.103	0.436	0.436
Mtfp1	-0.019	0.735	0.735
Cradd	0.707	0.229	0.229
Chchd3	0.03	0.576	0.576
Vkorc1	-0.044	0.884	0.884
CO040_MOUSE	-0.269	0.122	0.122
Borcs7	0.161	0.453	0.453
Lrrc40	0.079	0.385	0.385
Gnpda2	-0.179	0.0468	0.0468
Ociad1	-0.02	0.729	0.729
Emc2	-0.085	0.356	0.356
Dbndd2	0.116	0.534	0.534
Xpot	0.105	0.155	0.155
Idh1	0.05	0.328	0.328
Gdpd1	0.017	0.809	0.809
Prps2	-0.107	0.317	0.317
Nrxn1	-0.072	0.15	0.15
Dis3	-0.233	0.356	0.356
Snw1	-0.065	0.479	0.479
Rprd1b	0.005	0.933	0.933
Ranbp3	-0.1	0.205	0.205
Micu3	0.066	0.402	0.402
Smc1a	-0.076	0.575	0.575
Otud1	-0.111	0.299	0.299
Akap10	0.058	0.43	0.43
Arpc2	-0.009	0.859	0.859
Atxn3	0.407	0.166	0.166
Smc3	0.071	0.248	0.248
Ppp1r3g	0.117	0.456	0.456
Raver1	-0.056	0.859	0.859
Golga1	0.009	0.96	0.96
YD286_MOUSE	0.557	0.176	0.176
Nudt17	0.055	0.648	0.648
Nubpl	0.143	0.244	0.244
Arl6	-0.086	0.369	0.369
Mtfr1l	0.005	0.961	0.961
Tubb2b	0.093	0.421	0.421
Ndufaf7	-0.116	0.339	0.339
Bloc1s2	1.104	0.244	0.244
Bccip	-0.173	0.367	0.367
Atic	-0.007	0.889	0.889
Cd2bp2	-0.019	0.905	0.905
Snx2	0.04	0.499	0.499
Ctnnbl1	0.012	0.944	0.944
Pfdn1	0.039	0.511	0.511
Rbbp9	0.054	0.523	0.523
Cnot11	-0.219	0.231	0.231
Mospd2	-0.134	0.58	0.58
Arhgef25	-0.141	0.633	0.633
Smyd3	0.023	0.851	0.851
Ddah1	0.022	0.702	0.702
Ints11	0.008	0.964	0.964
Snx10	0.206	0.359	0.359
Ddx28	1.166	0.0214	0.0214
CA052_MOUSE	0.077	0.377	0.377
Uqcc1	-0.206	0.088	0.088
Ccnk	0.336	0.539	0.539
Nup37	-0.003	0.99	0.99
Prkrip1	-0.05	0.843	0.843
Pin4	-0.63	0.0402	0.0402
Ndufaf1	0.109	0.0576	0.0576
Ddx47	-0.325	0.592	0.592
Gemin7	-0.188	0.0696	0.0696
Rbm8a	-0.098	0.109	0.109
Napg	0.033	0.505	0.505
Zfand5	-0.037	0.92	0.92
Ist1	-0.09	0.19	0.19
Yif1b	-0.008	0.956	0.956
Sugt1	-0.013	0.837	0.837
Gemin6	0.162	0.405	0.405
Psmd8	-0.126	0.0517	0.0517
Lbh	0.182	0.58	0.58
Cygb	-0.038	0.635	0.635
Hnrnpa0	0.2	0.0425	0.0425
Mcur1	0.129	0.383	0.383
Bcl7a	-0.291	0.0266	0.0266
Apba3	0.39	0.111	0.111
Tmed5	-0.08	0.478	0.478
Tbc1d15	0.066	0.546	0.546
Ppil4	-0.296	0.378	0.378
Coq5	-0.021	0.78	0.78
Manf	-0.139	0.15	0.15
Ears2	0.14	0.307	0.307
Abcb8	-0.086	0.202	0.202
C7orf50	-0.279	0.671	0.671
Gng10	0.048	0.761	0.761
Dhrs7	-0.052	0.455	0.455
Ppip5k1	0.148	0.105	0.105
Hdac3	0.54	0.0019	0.0019
Cenpv	0.058	0.284	0.284
Tmem192	-0.062	0.798	0.798
Pmpcb	0.199	0.0221	0.0221
Sdhd	-0.021	0.836	0.836
Mrps22	-0.014	0.777	0.777
Cacybp	-0.047	0.341	0.341
Rpl11	-0.004	0.954	0.954
Cuedc2	-0.113	0.313	0.313
Tmem175	0.168	0.698	0.698
Ilf2	0.065	0.371	0.371
Pias1	0.68	0.208	0.208
Pigk	0.057	0.689	0.689
Ndufs4	0.065	0.306	0.306
Mrps28	0.097	0.183	0.183
Snx7	-0.155	0.213	0.213
Tecr	0.073	0.253	0.253
Gtpbp8	0.604	0.564	0.564
Ube2f	0.016	0.936	0.936
Eef1akmt1	-0.054	0.79	0.79
Ssr1	0.065	0.595	0.595
Thg1l	0.204	0.271	0.271
Mpp3	0.021	0.724	0.724
Chtop	0.056	0.699	0.699
Serbp1	0.012	0.816	0.816
Rnf181	0.032	0.93	0.93
Blvra	-0.066	0.261	0.261
Gar1	-0.25	0.109	0.109
Mrpl44	-0.27	0.0484	0.0484
Ssu72	0.283	0.248	0.248
Creld2	-0.486	0.00423	0.00423
Tomm34	-0.016	0.774	0.774
Prxl2a	0.106	0.204	0.204
Syn1	0	0.996	0.996
NJMU_MOUSE	-0.054	0.588	0.588
Luc7l	-0.09	0.387	0.387
Wars2	0.032	0.646	0.646
Glipr2	0.205	0.68	0.68
Spcs2	-0.035	0.692	0.692
Atp6ap2	-0.148	0.325	0.325
Sesn3	-0.937	0.311	0.311
Ssbp1	-0.315	0.021	0.021
Pgm3	-0.018	0.79	0.79
Zbtb7a	-0.165	0.499	0.499
CB072_MOUSE	-0.029	0.817	0.817
Cap2	-0.014	0.8	0.8
Dph7	0.186	0.318	0.318
Hdhd3	-0.06	0.575	0.575
Tpd52l2	-0.126	0.113	0.113
Ssbp2	-0.043	0.877	0.877
Dbndd1	0.696	0.348	0.348
Cops7a	0.067	0.248	0.248
Uqcrc1	0.089	0.0921	0.0921
Tmem178a	-0.264	0.0446	0.0446
Lin7b	-0.085	0.387	0.387
Snf8	0.142	0.424	0.424
Ola1	-0.042	0.432	0.432
Naxd	0.123	0.137	0.137
Nsfl1c	-0.102	0.106	0.106
Nsun4	0.864	0.0715	0.0715
Cep97	0.001	0.997	0.997
Mrpl55	0.035	0.735	0.735
Nde1	0.017	0.938	0.938
Sdhc	0.106	0.083	0.083
Scrn1	-0.042	0.391	0.391
Lin7c	0.024	0.749	0.749
Gars1	0.03	0.613	0.613
Mtif3	-0.271	0.333	0.333
Commd8	0.162	0.319	0.319
Pdzd11	-0.001	0.99	0.99
Mxra7	-0.362	0.145	0.145
Mpped2	-1.015	0.0324	0.0324
Hspa12b	0.118	0.311	0.311
Rpl15	-0.087	0.422	0.422
Shisa9	-0.11	0.313	0.313
Shmt2	0.122	0.0948	0.0948
Gnpda1	-0.038	0.729	0.729
Qrsl1	-0.08	0.239	0.239
Ufsp1	-0.55	0.0826	0.0826
Bcs1l	-0.036	0.609	0.609
Cdc37l1	-0.173	0.465	0.465
Bbs5	-0.68	0.322	0.322
Tomm40l	-0.002	0.974	0.974
Tsfm	-0.072	0.348	0.348
Aldh1b1	0.162	0.0906	0.0906
Cmss1	0.144	0.651	0.651
Rab3b	0.033	0.631	0.631
Yme1l1	-0.148	0.276	0.276
Mtrex	-0.187	0.404	0.404
Cs	0.055	0.393	0.393
Supt7l	0.008	0.975	0.975
Fbxl20	-0.173	0.126	0.126
Acsl3	0.072	0.41	0.41
Tomm70	0.071	0.269	0.269
Elp3	0.055	0.595	0.595
Pip4p2	0.165	0.213	0.213
Rps19	-0.101	0.213	0.213
Emc4	0.037	0.837	0.837
Stx8	0.006	0.921	0.921
Ube2v1	-0.228	0.257	0.257
Lipt2	-0.868	0.0181	0.0181
Mplkip	0.106	0.593	0.593
Nt5c3a	0.065	0.391	0.391
Mpc2	-0.174	0.0901	0.0901
Ccdc47	-0.023	0.711	0.711
Pdhb	0.019	0.732	0.732
Acbd6	-0.016	0.781	0.781
Mms19	-0.112	0.344	0.344
Mgrn1	-0.002	0.989	0.989
Ankrd63	0.14	0.444	0.444
Gcat	0.112	0.276	0.276
Arpin	-0.013	0.857	0.857
Srsf9	-0.029	0.548	0.548
Tstd3	-0.107	0.176	0.176
Pbdc1	-0.106	0.144	0.144
Trmt5	0.636	0.0999	0.0999
Mtpap	-0.14	0.585	0.585
Gtf2e1	0.879	0.167	0.167
Hnrnpm	-0.193	0.0139	0.0139
Lysmd1	0.057	0.496	0.496
Lman1	0.086	0.565	0.565
Olfm1	-0.018	0.747	0.747
Pgm1	0.013	0.785	0.785
Mrps30	0.034	0.744	0.744
Stx17	-0.19	0.4	0.4
Wdsub1	0.745	0.0726	0.0726
Mrto4	-0.828	0.0148	0.0148
Rars1	-0.016	0.741	0.741
Arl2	-0.068	0.394	0.394
Ptms	0.388	0.0282	0.0282
Tbc1d7	0.117	0.422	0.422
Oxct1	-0.063	0.455	0.455
Cpd	0.023	0.796	0.796
Adck1	-0.088	0.642	0.642
Armc10	0.006	0.943	0.943
Rnmt	-0.063	0.359	0.359
Exosc7	0.091	0.43	0.43
Prpsap1	0.08	0.141	0.141
Cyc1	0.069	0.28	0.28
Dynll2	-0.005	0.955	0.955
Mrpl45	-0.206	0.037	0.037
Tars1	-0.047	0.498	0.498
Lsm12	-0.119	0.185	0.185
Leprot	0.518	0.0314	0.0314
Hint2	0.146	0.114	0.114
Snu13	0.228	0.0253	0.0253
Maf1	0.426	0.0119	0.0119
Ebag9	0.016	0.947	0.947
Ppil1	0.037	0.661	0.661
Hddc3	0.316	0.659	0.659
Znf706	-0.219	0.515	0.515
Mrps25	0.515	0.141	0.141
Nudt14	-0.026	0.859	0.859
Serpinb1a	-0.312	0.0377	0.0377
Lgmn	-0.15	0.216	0.216
Fxyd6	-0.001	0.992	0.992
Ints12	0.165	0.679	0.679
Gatd3	0.111	0.0572	0.0572
Ciao2b	-0.06	0.494	0.494
Syf2	0.094	0.599	0.599
Cndp2	-0.019	0.706	0.706
Mrpl28	0.279	0.215	0.215
Vps28	0.052	0.469	0.469
Tmed10	0.028	0.591	0.591
Tbcb	-0.186	0.0372	0.0372
Afm	0.749	0.127	0.127
Agpat5	-0.051	0.641	0.641
Akt1s1	-0.199	0.232	0.232
Rab1b	-0.181	0.0323	0.0323
Pmvk	-0.751	0.0985	0.0985
Hhatl	0.022	0.873	0.873
Lrrc57	-0.033	0.631	0.631
Ndufaf4	0.042	0.638	0.638
Get4	-0.145	0.384	0.384
Mrpl53	0.041	0.77	0.77
Mcee	-0.09	0.483	0.483
Tpp1	0.103	0.175	0.175
Mrpl14	-0.42	0.02	0.02
Necap2	0.034	0.787	0.787
Sarnp	-0.133	0.0828	0.0828
Atp6v1f	0.012	0.794	0.794
Adissp	0.011	0.869	0.869
Chchd2	0.172	0.243	0.243
Lamtor5	0.336	0.019	0.019
Sec13	0.062	0.458	0.458
Eef1e1	0.062	0.381	0.381
Mrpl21	-0.023	0.876	0.876
Robo1	0.13	0.269	0.269
Mrpl13	-0.16	0.0904	0.0904
Chordc1	-0.052	0.268	0.268
Dpm3	-0.221	0.099	0.099
Erp44	0.08	0.228	0.228
Kti12	0.004	0.97	0.97
Rpl34	-0.13	0.425	0.425
Lingo1	-0.047	0.441	0.441
Nol3	0.009	0.922	0.922
Tmem50b	0.041	0.862	0.862
Matn4	-0.045	0.833	0.833
Mmab	0.116	0.114	0.114
Bcas2	0.034	0.678	0.678
Trappc6b	-0.078	0.367	0.367
Saal1	-0.181	0.421	0.421
Klhdc8b	-0.326	0.443	0.443
Dlst	0.084	0.116	0.116
Dnaaf1	0.684	0.249	0.249
Ube2v2	0.054	0.281	0.281
Dtna	0	0.996	0.996
Sh3pxd2a	-0.048	0.512	0.512
Vps33a	0.13	0.0452	0.0452
Urm1	0.381	0.0142	0.0142
Mobp	-0.13	0.503	0.503
Aacs	-0.389	0.0037	0.0037
Coa3	-0.224	0.00699	0.00699
Mrps33	-0.209	0.257	0.257
Naa38	-0.009	0.963	0.963
Aar2	-0.197	0.393	0.393
Coro7	-0.024	0.63	0.63
Mfsd10	0.138	0.751	0.751
Scn3a	0.003	0.986	0.986
Mkln1	0.207	0.506	0.506
Tmem35a	-0.199	0.0147	0.0147
Mrpl19	0.012	0.936	0.936
Acp1	0.144	0.0526	0.0526
Ephx1	-0.139	0.498	0.498
Arl2bp	-0.484	0.0252	0.0252
Lamp5	-0.076	0.373	0.373
Rufy3	-0.051	0.325	0.325
Nos1ap	0.08	0.583	0.583
Ttyh1	0.226	0.0358	0.0358
Hacd2	-0.472	0.0245	0.0245
Itm2b	-0.073	0.467	0.467
Ttpal	-0.063	0.394	0.394
Atp5f1d	0.02	0.71	0.71
Fam174a	-0.556	0.0854	0.0854
Plgrkt	0.039	0.664	0.664
Oxsm	0.072	0.32	0.32
Dlgap1	0.021	0.714	0.714
GOLGA7B	0.002	0.987	0.987
Polr3c	0.182	0.714	0.714
Cmip	-0.224	0.0711	0.0711
Clvs1	0.035	0.648	0.648
Coro1a	-0.019	0.687	0.687
Plpp6	0.14	0.173	0.173
Tubgcp4	-0.013	0.933	0.933
Exoc2	0.071	0.239	0.239
Gcc1	0.299	0.175	0.175
Cul2	0.089	0.257	0.257
Phf14	-0.904	0.08	0.08
Phf6	-1.427	0.00655	0.00655
Etnk1	-0.23	0.0302	0.0302
Agpat3	-0.067	0.415	0.415
Sf3a3	0.061	0.31	0.31
Cope	0.024	0.604	0.604
Shpk	0.261	0.363	0.363
Wdr20	-0.071	0.483	0.483
Atad1	-0.033	0.62	0.62
Cul5	-0.019	0.719	0.719
Syap1	-0.12	0.199	0.199
Sec23b	-0.111	0.548	0.548
Sun1	0.061	0.594	0.594
Ttc9b	-0.467	0.0314	0.0314
Gabra4	0.026	0.821	0.821
Tubb4a	-0.012	0.879	0.879
Pde4a	-0.06	0.369	0.369
Cmtm5	-0.154	0.223	0.223
Lurap1	0.25	0.0343	0.0343
Cers4	0.081	0.679	0.679
Necab3	0.145	0.448	0.448
Ndufb8	-0.033	0.598	0.598
Ndufv2	-0.011	0.817	0.817
Synj2bp	0.205	0.024	0.024
Ttc33	-0.052	0.753	0.753
Fundc2	-0.202	0.206	0.206
Ppil3	0.828	0.00925	0.00925
Rbm3	0.401	0.00251	0.00251
Slc25a22	0.041	0.43	0.43
Drap1	0.104	0.461	0.461
Idh3a	0.018	0.728	0.728
Mrrf	-0.048	0.581	0.581
Nosip	-0.192	0.342	0.342
Fam162a	-0.102	0.267	0.267
Borcs6	0.055	0.635	0.635
Borcs8	0.077	0.685	0.685
Msra	0.026	0.632	0.632
Gbe1	-0.013	0.896	0.896
Fhit	0.405	0.033	0.033
Nop56	0.003	0.974	0.974
Rpap3	-0.035	0.801	0.801
S100a16	-0.089	0.344	0.344
Tmx2	-0.051	0.37	0.37
Pir	0.013	0.927	0.927
Trir	-0.213	0.17	0.17
Exosc8	0.406	0.1	0.1
Fam219a	-0.129	0.475	0.475
Mrpl2	-0.095	0.632	0.632
Ppil2	-0.499	0.0961	0.0961
Casp8	0.375	0.325	0.325
Mtfmt	-0.039	0.932	0.932
Armc1	0.1	0.111	0.111
Acad8	-0.101	0.143	0.143
CS025_MOUSE	-0.146	0.571	0.571
Prps1	0.099	0.157	0.157
RtcA	-0.069	0.549	0.549
Lhpp	0.086	0.572	0.572
Cox20	0.316	0.00589	0.00589
Dmac2	0.09	0.821	0.821
Gid8	0.044	0.672	0.672
Lancl1	-0.001	0.98	0.98
Polr2d	-0.042	0.803	0.803
Mrps9	0.08	0.435	0.435
Mrpl30	-0.115	0.441	0.441
Apmap	0.098	0.192	0.192
Iscu	-0.046	0.474	0.474
Rpl22l1	-0.367	0.0132	0.0132
Chmp5	0.062	0.635	0.635
Lysmd2	-0.051	0.594	0.594
Naaa	0.157	0.433	0.433
Dnajb5	-0.155	0.112	0.112
Kctd4	-0.436	0.00908	0.00908
Dusp3	-0.181	0.0148	0.0148
Ggct	0.08	0.201	0.201
Ppa1	0.023	0.699	0.699
Prorsd1	0.058	0.823	0.823
Rpl37	0.058	0.734	0.734
Fip1l1	-0.222	0.0738	0.0738
Dnajb4	-0.02	0.75	0.75
Tmem68	0.504	0.123	0.123
Eef1akmt2	-0.304	0.126	0.126
Agrn	-0.045	0.613	0.613
Vti1a	0.054	0.611	0.611
Uqcrb	0.139	0.0344	0.0344
Ppih	0.125	0.0675	0.0675
Timm50	0.017	0.766	0.766
Fam241b	-0.194	0.13	0.13
U2af1	-0.031	0.646	0.646
Itpa	0.116	0.191	0.191
Arpc5l	0.06	0.284	0.284
Aig1	-0.102	0.805	0.805
Chmp4b	-0.091	0.111	0.111
Ndufa11	-0.507	0.0027	0.0027
Mt-Cyb	0.035	0.802	0.802
Fam210b	0.02	0.9	0.9
Jam3	-0.005	0.967	0.967
Tspan13	-1.126	0.0636	0.0636
Med11	0.533	0.158	0.158
Rpl4	-0.188	0.179	0.179
Ccdc91	-0.075	0.724	0.724
Eef1g	-0.011	0.835	0.835
Dennd10	-0.225	0.131	0.131
Mrpl17	-0.032	0.818	0.818
Arfgap3	-0.099	0.398	0.398
Rexo2	-0.089	0.357	0.357
Bola1	-0.031	0.737	0.737
Slirp	0.166	0.0409	0.0409
Tmem41a	-0.147	0.33	0.33
Snx5	-0.056	0.254	0.254
Hm13	-0.095	0.191	0.191
Sec11c	-0.196	0.109	0.109
Psmd12	-0.086	0.202	0.202
Mtco1	0.373	0.182	0.182
Ociad2	0.077	0.356	0.356
Cutc	0.045	0.666	0.666
Ccdc124	0.051	0.601	0.601
Efhd2	-0.015	0.809	0.809
Tmem126a	0.098	0.232	0.232
Triap1	0.032	0.79	0.79
Atg101	-0.303	0.44	0.44
Atg7	-0.059	0.456	0.456
Borcs5	-0.384	0.0328	0.0328
Isca1	0.051	0.542	0.542
Mtco2	-0.117	0.0835	0.0835
CK098_MOUSE	-0.004	0.977	0.977
Tmem160	-0.311	0.0167	0.0167
Spcs1	0.12	0.464	0.464
Gatm	0.108	0.65	0.65
Mdp1	-0.135	0.129	0.129
Srxn1	-0.216	0.376	0.376
Slc22a17	0.18	0.188	0.188
CB069_MOUSE	0.152	0.157	0.157
Tbc1d20	0.477	0.102	0.102
Usp12	-0.256	0.368	0.368
mt-Co3	-0.555	0.0254	0.0254
Rwdd2a	0.498	0.0845	0.0845
Echdc1	-0.021	0.867	0.867
Zswim2	-0.258	0.0417	0.0417
Dda1	-0.13	0.591	0.591
Lyrm7	0.026	0.719	0.719
Exosc1	0.241	0.148	0.148
Ift22	-0.067	0.521	0.521
Fam135b	-0.363	0.214	0.214
Phpt1	-0.051	0.567	0.567
Slc25a19	0.06	0.615	0.615
Hprt1	0.006	0.904	0.904
Tmem263	0.138	0.0519	0.0519
Dcps	0.079	0.461	0.461
Gng12	-0.025	0.609	0.609
Trmu	0.301	0.317	0.317
Cnpy3	0.083	0.273	0.273
Prpf4	-0.066	0.466	0.466
Cnn3	-0.009	0.904	0.904
Zfyve19	0.1	0.315	0.315
Napa	0.025	0.666	0.666
Abl1	-1.006	0.00124	0.00124
Smdt1	0.15	0.0923	0.0923
Mrpl12	-0.108	0.103	0.103
Cab39l	-0.151	0.147	0.147
Atp5po	0.128	0.132	0.132
Alg5	-0.144	0.567	0.567
Phyhd1	0.016	0.968	0.968
Mcts1	0.001	0.992	0.992
Iah1	-0.132	0.165	0.165
Phkg2	0.073	0.829	0.829
Haghl	0.196	0.0217	0.0217
Mtatp6	0.155	0.211	0.211
Chmp2a	-0.209	0.00691	0.00691
Slc25a18	0.036	0.724	0.724
Zfpl1	-0.184	0.493	0.493
Ap1s2	0.041	0.698	0.698
Fam216a	0.488	0.0663	0.0663
Prxl2b	-0.052	0.417	0.417
Btbd17	0.037	0.595	0.595
Cyb5r1	0.006	0.926	0.926
Cdip1	-0.082	0.22	0.22
Ca2	-0.04	0.536	0.536
Uqcrc2	-0.001	0.985	0.985
Smg9	-0.217	0.0748	0.0748
Dhdh	-0.065	0.484	0.484
Selenoo	0.028	0.791	0.791
Cmtr1	0.124	0.0604	0.0604
Prkar1a	0.015	0.767	0.767
Pelp1	0.023	0.833	0.833
Csad	0.124	0.333	0.333
Alg2	-0.019	0.789	0.789
Ttn	-0.012	0.842	0.842
C3	0.516	0.0499	0.0499
Aldh7a1	0.076	0.138	0.138
Ap2b1	0.037	0.515	0.515
Plin3	0.159	0.415	0.415
Rpn2	-0.094	0.13	0.13
Srpra	0.193	0.123	0.123
Tax1bp3	0.104	0.747	0.747
Wwp2	-0.086	0.866	0.866
Lman2	-0.072	0.186	0.186
Pgam1	0.016	0.727	0.727
Acadsb	0.128	0.0689	0.0689
C4b	0.11	0.71	0.71
Gdap2	0.02	0.911	0.911
Coasy	-0.043	0.629	0.629
P33monox	-0.072	0.458	0.458
Lonp2	-0.522	0.0889	0.0889
Cmpk1	0.075	0.171	0.171
Akap8	0.207	0.0363	0.0363
Xrn2	0.154	0.207	0.207
Fam13c	-0.567	0.000965	0.000965
Armc8	-0.091	0.457	0.457
Ppp1r12a	-0.085	0.155	0.155
KV2A7_MOUSE	0.345	0.405	0.405
Tmem43	0.128	0.0742	0.0742
Tprg1l	0.01	0.85	0.85
Klc4	-0.049	0.626	0.626
Osbpl3	-0.137	0.134	0.134
Ccdc97	0.127	0.61	0.61
Ampd2	-0.044	0.467	0.467
Riok3	-0.095	0.835	0.835
Rsrc1	0.034	0.897	0.897
Pdcl	-0.092	0.577	0.577
KV5AA_MOUSE	0.15	0.515	0.515
Susd2	0.259	0.0575	0.0575
Syvn1	-0.067	0.455	0.455
Cbx6	0.784	0.113	0.113
Nvl	-0.088	0.714	0.714
Eif3k	-0.154	0.136	0.136
Rgs3	0.777	0.0752	0.0752
Nebl	0.062	0.411	0.411
Plxdc2	-0.315	0.306	0.306
Ergic1	-0.038	0.475	0.475
Dcaf6	0.037	0.728	0.728
HVM27_MOUSE	0.144	0.673	0.673
Dnajc10	-0.053	0.524	0.524
Csnk1d	-0.056	0.489	0.489
Abcb6	-0.207	0.408	0.408
Hmg20a	-0.176	0.527	0.527
Cdc40	0.226	0.0584	0.0584
Crot	-0.525	0.0434	0.0434
Gnai3	0.021	0.803	0.803
Cpne8	0.251	0.111	0.111
Pmpca	0.023	0.655	0.655
Fbxo3	-0.136	0.101	0.101
Thy1	0.116	0.0575	0.0575
Ndufa9	0.007	0.9	0.9
Ndufs7	0.008	0.896	0.896
Mrps15	0.097	0.361	0.361
Mrps11	0.147	0.383	0.383
Hmgn3	0.106	0.448	0.448
Arpp21	-0.209	0.116	0.116
Isca2	0.107	0.309	0.309
Pycr3	-0.013	0.827	0.827
Isoc2b	-0.193	0.215	0.215
Tomm20	-0.024	0.708	0.708
Igkc	0.054	0.812	0.812
Pgd	-0.061	0.414	0.414
Xab2	0.838	0.0202	0.0202
Gabarap	0.183	0.552	0.552
Pak1ip1	-0.286	0.445	0.445
Ssr3	-0.683	0.0117	0.0117
Trmt112	0.085	0.603	0.603
Eif3f	-0.05	0.408	0.408
Zfand6	0.276	0.337	0.337
Stard3nl	0.053	0.736	0.736
Mrpl32	-0.004	0.967	0.967
Ighg	-0.073	0.588	0.588
Mlst8	-0.011	0.864	0.864
Ndufa8	0.083	0.151	0.151
Npl	-0.073	0.497	0.497
Ciao2a	-0.276	0.391	0.391
Ppp1r2	-0.071	0.336	0.336
Paics	0.058	0.284	0.284
Ethe1	0.096	0.127	0.127
Gstk1	0.13	0.0767	0.0767
Dnal4	-0.111	0.488	0.488
Nudt12	-0.287	0.279	0.279
GCAB_MOUSE	-0.046	0.766	0.766
Cyb5r3	0.096	0.137	0.137
Slc38a3	-0.158	0.0245	0.0245
Ap3s1	-0.192	0.058	0.058
Mettl26	0.072	0.601	0.601
Mecr	0.062	0.405	0.405
Ndufb10	0.035	0.587	0.587
Akr1e2	-0.082	0.229	0.229
Ndufs3	0.009	0.854	0.854
Sdf2	0.094	0.38	0.38
Bacc1	-0.195	0.434	0.434
Ighg2b	0.389	0.151	0.151
Crip2	-0.009	0.879	0.879
Pllp	-0.183	0.0339	0.0339
Mrpl4	-0.103	0.246	0.246
Rmdn1	0.017	0.857	0.857
Etfb	0	0.994	0.994
Atp5pd	0.035	0.494	0.494
Gmpr	-0.001	0.991	0.991
Apoo	0.003	0.955	0.955
Hikeshi	0.056	0.797	0.797
Dtd1	-0.022	0.743	0.743
Fam171a2	0.012	0.82	0.82
Slc25a25	0.046	0.454	0.454
Ighm	-0.025	0.94	0.94
Tsc1	0.026	0.772	0.772
Sacm1l	-0.017	0.785	0.785
Emc7	0.064	0.487	0.487
Cyp4f14	0.36	0.41	0.41
Lactb	-0.042	0.546	0.546
Senp3	-0.76	0.112	0.112
Pycard	-0.334	0.32	0.32
Parva	0.125	0.395	0.395
Atp13a1	0.028	0.643	0.643
Arfgap1	-0.015	0.796	0.796
B2m	-0.22	0.402	0.402
Rp2	0.007	0.945	0.945
Sil1	-0.421	0.336	0.336
Xpo7	0.031	0.641	0.641
Clstn1	0	0.995	0.995
Ipo7	-0.047	0.49	0.49
Acox3	0.029	0.858	0.858
Nbea	-0.051	0.318	0.318
Tcf20	0.001	0.988	0.988
Slc23a2	0.01	0.906	0.906
H2-Q10	-0.889	0.221	0.221
Sorcs2	0.023	0.766	0.766
Upf1	-0.044	0.413	0.413
Cpsf1	0.032	0.815	0.815
Tnfrsf21	-0.051	0.607	0.607
Ubl5	0.082	0.593	0.593
Inpp4a	0.074	0.192	0.192
Hsd17b11	-0.007	0.946	0.946
Aldh6a1	0.14	0.0446	0.0446
Pes1	-0.937	0.0292	0.0292
Nif3l1	0.122	0.0692	0.0692
H2-D1	-0.746	0.13	0.13
Elovl4	-0.123	0.395	0.395
Scyl1	-0.046	0.539	0.539
Dpysl5	0.172	0.045	0.045
Enpp5	0.182	0.0427	0.0427
Cert1	-0.087	0.461	0.461
Erap1	-0.529	0.00527	0.00527
Vps35	0.066	0.176	0.176
Mrpl46	0.082	0.496	0.496
Tpcn1	0.088	0.703	0.703
Magi3	0.044	0.533	0.533
H2-K1	-0.669	0.139	0.139
Mvp	-0.134	0.391	0.391
Icmt	0.163	0.556	0.556
Tsc22d4	-0.008	0.983	0.983
Ehd4	-0.122	0.193	0.193
Yipf5	-0.044	0.826	0.826
Oga	-0.056	0.337	0.337
Mycbp	-0.137	0.131	0.131
Igdcc4	-0.242	0.113	0.113
Rhou	1.856	0.0559	0.0559
Syt13	-0.366	0.298	0.298
Hba	0.563	0.0398	0.0398
Set	-0.024	0.795	0.795
Rapgef4	0.063	0.314	0.314
Rims2	-0.028	0.686	0.686
Stx12	0.04	0.567	0.567
Fn3k	0.002	0.972	0.972
Tor1a	-0.259	0.497	0.497
Kcnh7	0.549	0.222	0.222
Spock2	-0.138	0.189	0.189
Cars1	0.039	0.462	0.462
Elp4	-0.065	0.421	0.421
Hbb-b1	0.735	0.028	0.028
Dap3	-0.103	0.193	0.193
Tfcp2	-0.003	0.989	0.989
Tfip11	0.335	0.154	0.154
Snap29	-0.014	0.834	0.834
Slco1c1	-0.516	0.0383	0.0383
Tubb3	-0.033	0.488	0.488
Mesd	0.013	0.906	0.906
Tlnrd1	-0.218	0.521	0.521
Mapk8ip2	-0.512	0.0181	0.0181
Skic8	0.011	0.847	0.847
Hbb-y	0.604	0.0123	0.0123
Lima1	0.465	0.268	0.268
Strn3	-0.112	0.0641	0.0641
Rdh14	0.063	0.221	0.221
Cse1l	-0.042	0.417	0.417
Gucy1a1	-0.004	0.939	0.939
Scamp2	-0.331	0.621	0.621
Ca7	0.024	0.896	0.896
Ndel1	0.064	0.426	0.426
Selenof	-0.053	0.774	0.774
H3-5	-0.088	0.424	0.424
Ndufa13	-0.045	0.484	0.484
Plekha2	-0.05	0.884	0.884
Il1rapl2	-0.266	0.188	0.188
Ppp1r1a	0.099	0.372	0.372
Ranbp2	-0.027	0.766	0.766
Mkrn2	-0.16	0.649	0.649
Erg28	-0.471	0.00233	0.00233
Chrm3	0.096	0.279	0.279
Ube4b	-0.017	0.844	0.844
Col4a1	0.335	0.295	0.295
Slc15a2	-0.132	0.589	0.589
Arhgef7	0.03	0.655	0.655
Ube3b	-0.284	0.00629	0.00629
Trappc4	-0.155	0.072	0.072
Nek7	-0.027	0.638	0.638
Extl2	-0.218	0.191	0.191
Rtn3	0.018	0.736	0.736
Hrg	0.569	0.0092	0.0092
Aff4	0.439	0.169	0.169
Lrba	-0.084	0.517	0.517
Upf2	0.255	0.0461	0.0461
Lamc1	0.066	0.645	0.645
Xpo4	-0.025	0.879	0.879
Nckipsd	-0.017	0.729	0.729
Rb1cc1	0.136	0.108	0.108
Hapln2	-0.186	0.347	0.347
C1ql3	-0.073	0.528	0.528
Trim2	-0.025	0.635	0.635
Mapk8ip3	-0.008	0.903	0.903
Sdf2l1	-0.061	0.755	0.755
Eif4enif1	0.031	0.57	0.57
Psmg2	-0.332	0.0421	0.0421
Lamb1	-0.079	0.679	0.679
Anp32b	-0.3	0.0549	0.0549
Brd4	-0.444	0.0818	0.0818
Agk	0.018	0.753	0.753
Zcchc17	-0.125	0.536	0.536
Dkc1	-0.03	0.758	0.758
Gtf2i	0.041	0.54	0.54
Pygl	0.351	0.00541	0.00541
Dpp7	0.168	0.245	0.245
Rnf114	-0.079	0.444	0.444
Tm9sf3	-0.184	0.192	0.192
Krt10	0.02	0.955	0.955
Cldn12	0.055	0.83	0.83
Jph3	-0.176	0.0776	0.0776
Jph1	-0.103	0.533	0.533
Kat2a	-0.159	0.396	0.396
Tssc4	0.027	0.829	0.829
Rcan2	-0.246	0.428	0.428
Rcan1	-0.068	0.443	0.443
Ivd	0.134	0.0707	0.0707
Exosc9	0.171	0.425	0.425
Tmod3	0.136	0.711	0.711
Mt2	0.006	0.963	0.963
Rabggta	-0.018	0.717	0.717
Plek	0.001	0.996	0.996
Nherf2	0.021	0.771	0.771
Lztfl1	-0.02	0.689	0.689
Ide	0.147	0.29	0.29
Nrip2	0.091	0.562	0.562
Lamtor2	0.002	0.989	0.989
Clpx	-0.16	0.372	0.372
Cwc15	0.166	0.125	0.125
Palmd	-0.11	0.261	0.261
Mt1	0.278	0.287	0.287
Dync1h1	-0.046	0.343	0.343
Isyna1	0.021	0.788	0.788
Nit2	0.072	0.36	0.36
Eefsec	-0.066	0.446	0.446
Ankh	0.118	0.556	0.556
Stk4	0.141	0.568	0.568
Lrp1b	-0.02	0.868	0.868
Fibp	0.108	0.245	0.245
Abcb10	-0.424	0.0557	0.0557
Dmap1	-0.084	0.757	0.757
Mtnd1	-0.011	0.93	0.93
Nudt3	0.009	0.857	0.857
Jam2	0.036	0.789	0.789
Nqo2	0.104	0.443	0.443
Ngly1	0.223	0.127	0.127
Rnf14	-0.01	0.882	0.882
Actn2	0.002	0.973	0.973
Sgpp1	0.026	0.805	0.805
Lgi1	0.049	0.316	0.316
Sphk2	0.081	0.5	0.5
Prmt1	-0.132	0.0674	0.0674
mt-Nd2	0.195	0.12	0.12
Copb1	0	1	1
Ppp1r3f	-0.102	0.339	0.339
Ccdc22	0.017	0.834	0.834
Praf2	-0.097	0.151	0.151
Nup50	-0.056	0.673	0.673
Inpp5e	-0.438	0.39	0.39
Dazap1	0	0.998	0.998
Akr1a1	0.082	0.152	0.152
Ddx21	0.196	0.22	0.22
Mrps34	-0.027	0.71	0.71
mt-Nd3	0.025	0.906	0.906
Tulp4	-0.571	0.116	0.116
Slc29a1	-0.065	0.672	0.672
Kcnmb4	0.676	0.318	0.318
Fzd2	-0.139	0.692	0.692
Sv2a	-0.003	0.952	0.952
Slc12a4	-0.312	0.0502	0.0502
Ralb	-0.09	0.408	0.408
Eny2	-0.125	0.386	0.386
Acin1	-0.102	0.0812	0.0812
Plekho1	-0.481	0.0233	0.0233
Mtnd4	-0.025	0.867	0.867
Htra2	0.157	0.11	0.11
Plscr3	-0.569	0.0661	0.0661
Flii	-0.099	0.366	0.366
Rbfox1	0.088	0.263	0.263
Abcb9	-0.006	0.943	0.943
Galnt16	0.489	0.0709	0.0709
Kcnip2	0.303	0.205	0.205
Wdr12	-0.014	0.948	0.948
Tamalin	0.104	0.7	0.7
Mtnd5	0.006	0.959	0.959
Rilpl1	0.079	0.334	0.334
Fads3	-0.806	0.033	0.033
Nap1l5	0.346	0.0905	0.0905
Riox1	0.109	0.508	0.508
Tacc2	-0.472	0.0025	0.0025
Tmem47	-0.004	0.982	0.982
Noa1	-0.526	0.0018	0.0018
Rnase4	0.41	0.00105	0.00105
Pigo	0.111	0.682	0.682
Rpl38	0.254	0.0463	0.0463
Rabgap1	-0.049	0.629	0.629
Mtatp8	-0.053	0.605	0.605
Porcn	-0.046	0.848	0.848
Lancl2	-0.011	0.87	0.87
Sars2	0.062	0.653	0.653
Tmem9b	0.056	0.37	0.37
Nrip3	-0.298	0.159	0.159
Phax	-0.866	0.0157	0.0157
Sh3bgrl	0.11	0.198	0.198
Pfn2	0.028	0.636	0.636
Cacng3	0.124	0.0654	0.0654
Tdp2	-0.297	0.633	0.633
Smpd3	-0.015	0.834	0.834
Ddx20	-0.329	0.168	0.168
Tuba8	0.086	0.493	0.493
Ube2j1	-0.254	0.0623	0.0623
Psmg1	0.079	0.587	0.587
Gnpnat1	0.343	0.55	0.55
Pdk2	0.219	0.0168	0.0168
Kcnq5	-0.279	0.0667	0.0667
Sh3glb1	-0.024	0.755	0.755
Prelp	0.889	0.259	0.259
IGHG3_MOUSE	0.108	0.565	0.565
Myg1	-0.075	0.547	0.547
Pard6b	-0.514	0.0385	0.0385
Hspb8	-0.146	0.547	0.547
Uchl3	0.062	0.384	0.384
Ybx3	-0.269	0.253	0.253
Cend1	0.052	0.427	0.427
Ap3m1	0.014	0.922	0.922
Scamp5	-0.148	0.0812	0.0812
Iqgap1	-0.058	0.638	0.638
Nectin1	0.09	0.262	0.262
Gfap	-0.032	0.94	0.94
Mrpl39	-0.243	0.098	0.098
Stx6	-0.105	0.268	0.268
Tmod2	-0.02	0.676	0.676
Ndufaf3	0.037	0.497	0.497
Tesc	-0.231	0.16	0.16
Nova1	-0.06	0.522	0.522
Mbnl1	0.619	0.0507	0.0507
Hyou1	-0.066	0.3	0.3
Habp4	-0.019	0.765	0.765
Krt1	-0.111	0.781	0.781
Adrm1	0.028	0.647	0.647
Scamp4	-0.254	0.172	0.172
Arl6ip1	0.225	0.0889	0.0889
Nudt5	-0.034	0.625	0.625
Cnot9	-0.051	0.516	0.516
Hip1r	-0.023	0.697	0.697
Slc5a3	0.05	0.87	0.87
Fmn2	0.044	0.55	0.55
Fmnl1	-0.003	0.953	0.953
Cfb	0.175	0.509	0.509
Hmgn5	0.113	0.102	0.102
Gde1	-0.017	0.878	0.878
Gltp	-0.149	0.254	0.254
Pals2	-0.033	0.541	0.541
Pals1	-0.053	0.604	0.604
Nectin3	-0.066	0.551	0.551
Sorcs1	0.09	0.432	0.432
Sacs	0.01	0.86	0.86
Tgm1	0.254	0.618	0.618
Scly	0.156	0.17	0.17
Sart3	0.089	0.163	0.163
Aldh9a1	-0.051	0.431	0.431
Cabp1	-0.355	0.00561	0.00561
Zmym3	-0.096	0.581	0.581
Dclk1	0.004	0.947	0.947
Grb14	-0.839	0.292	0.292
Mtor	0.017	0.758	0.758
Cd2ap	0.257	0.42	0.42
Git2	-0.007	0.981	0.981
Sec61a2	-0.057	0.493	0.493
Mbp	-0.226	0.213	0.213
Txnrd2	0.094	0.141	0.141
Bag3	-0.028	0.771	0.771
Cul3	-0.015	0.797	0.797
Pnkp	0.02	0.934	0.934
Dusp14	-0.102	0.409	0.409
Auh	0.042	0.552	0.552
Rabgef1	-0.146	0.0309	0.0309
Nt5c	0.052	0.403	0.403
Mink1	-0.038	0.487	0.487
Araf	-0.034	0.703	0.703
Kcnj10	-0.196	0.0647	0.0647
Arpc3	0.094	0.179	0.179
Arl6ip4	-0.084	0.504	0.504
Cdc42ep4	-0.112	0.476	0.476
Usp14	-0.023	0.703	0.703
Qtrt1	-0.368	0.216	0.216
Cntn6	-0.333	0.235	0.235
Dnaja4	-0.109	0.0511	0.0511
Znf207	-0.066	0.261	0.261
Stard10	0.022	0.844	0.844
Slc4a1	0.602	0.0361	0.0361
Ap3b2	0.064	0.206	0.206
Trappc2l	0.088	0.363	0.363
Vstm2b	-0.414	0.369	0.369
Gng13	0.178	0.119	0.119
Dolpp1	-0.029	0.897	0.897
Edf1	-0.168	0.132	0.132
Tmub1	0.008	0.961	0.961
Hdgfl3	-0.281	0.00217	0.00217
Txnrd1	0.037	0.573	0.573
Myo18a	0.018	0.728	0.728
Arhgef10l	-0.104	0.638	0.638
Prnp	0.075	0.185	0.185
Csnk1e	0.012	0.838	0.838
Rasgrp2	-0.031	0.915	0.915
Glrx	0.037	0.564	0.564
Rhoa	0.057	0.331	0.331
Fam89b	-0.272	0.373	0.373
Acsl4	0.152	0.0439	0.0439
Psma6	0.044	0.352	0.352
Blnk	0.278	0.564	0.564
Dkk3	0.246	0.0546	0.0546
Hapln1	-0.035	0.623	0.623
Aldoc	0.168	0.025	0.025
Prep	-0.032	0.584	0.584
Pin1	-0.038	0.462	0.462
Sema7a	-0.099	0.201	0.201
Ptk2b	-0.002	0.976	0.976
Srcin1	0.042	0.378	0.378
Naga	-0.073	0.618	0.618
Homer2	0.031	0.626	0.626
Asap1	-0.073	0.183	0.183
Cyth1	-0.08	0.504	0.504
Son	0.151	0.0918	0.0918
Aldoa	0.036	0.47	0.47
Dguok	0.226	0.436	0.436
Dpf1	-0.154	0.577	0.577
Lsm4	0.028	0.587	0.587
Drg2	-0.044	0.459	0.459
Fetub	0.249	0.208	0.208
Tbl1x	-0.087	0.377	0.377
Chm	-0.157	0.15	0.15
Acss2	-0.152	0.0255	0.0255
Apbb1	0.065	0.45	0.45
Arl10	-0.154	0.689	0.689
Prkaca	-0.074	0.421	0.421
Copg2	-0.141	0.112	0.112
Cpsf3	-0.013	0.952	0.952
Kif21b	-0.046	0.679	0.679
Kif21a	0.03	0.546	0.546
Nme7	0.113	0.525	0.525
Jmy	-0.037	0.709	0.709
Trip4	-0.629	0.0499	0.0499
Plec	0.02	0.662	0.662
Dbn1	0.107	0.0726	0.0726
Cnpy2	-0.016	0.797	0.797
Got1	-0.014	0.77	0.77
Kcnip3	0.027	0.844	0.844
Pcsk1n	0.255	0.0324	0.0324
Spry2	0.195	0.192	0.192
Fbxw5	-0.261	0.221	0.221
Slc7a8	-0.126	0.122	0.122
Ehd3	0.115	0.062	0.062
Pex3	-0.025	0.827	0.827
Macf1	-0.016	0.721	0.721
Ulk2	0.028	0.879	0.879
Abcb11	0.397	0.523	0.523
Got2	-0.057	0.3	0.3
Naa10	0.098	0.283	0.283
Plxnb3	-0.715	0.00114	0.00114
Gpr37	0.082	0.311	0.311
Vapb	0	1	1
Nup210	0.121	0.136	0.136
Dctpp1	0.109	0.628	0.628
Tomm40	0.069	0.263	0.263
Clic4	-0.162	0.142	0.142
Add3	-0.052	0.322	0.322
Add2	0.031	0.555	0.555
Tuba3a	0.881	0.151	0.151
Add1	0.068	0.187	0.187
Bcl11a	0.135	0.435	0.435
Golga5	-0.155	0.296	0.296
Plekhb1	-0.264	0.0937	0.0937
Rdh11	-0.277	0.00562	0.00562
Ndrg3	0.06	0.26	0.26
Ndrg2	0.068	0.319	0.319
Maged1	0.017	0.86	0.86
Dnajc7	-0.019	0.734	0.734
Dnajb12	-0.005	0.97	0.97
Src	-0.009	0.865	0.865
Dnajb2	-0.128	0.136	0.136
Dnaja2	-0.04	0.494	0.494
Dnajb1	0.071	0.298	0.298
Rnf11	-0.285	0.00577	0.00577
Pnck	0.264	0.25	0.25
Tmeff2	-0.013	0.907	0.907
Azi2	-0.299	0.188	0.188
Map1a	-0.015	0.782	0.782
Acot2	0.12	0.615	0.615
Grm3	0.032	0.614	0.614
Kit	0.242	0.219	0.219
Qki	-0.113	0.199	0.199
Pclo	0.01	0.818	0.818
Gab1	-0.07	0.623	0.623
Spast	0.036	0.593	0.593
Tollip	0.014	0.768	0.768
Nagk	-0.062	0.577	0.577
Nfu1	-0.075	0.314	0.314
Dcun1d1	0.159	0.0834	0.0834
Vps29	0.191	0.0234	0.0234
Itgam	-0.371	0.161	0.161
Rgs17	-0.076	0.675	0.675
Rgs20	-0.071	0.554	0.554
Actr10	0.041	0.681	0.681
Dctn5	-0.036	0.624	0.624
Plxnc1	0.041	0.72	0.72
Ercc4	-0.186	0.201	0.201
Slc25a10	0.001	0.996	0.996
Eif3i	-0.051	0.509	0.509
Copg1	0.035	0.639	0.639
Tsnax	0.179	0.0141	0.0141
Mocs3	-0.207	0.0314	0.0314
Myl1	-1.001	0.0126	0.0126
Gpc1	-0.031	0.549	0.549
Ppie	0.121	0.439	0.439
Ecsit	0.089	0.383	0.383
Serinc1	-0.047	0.549	0.549
Serinc3	0.398	0.173	0.173
Ubqln2	0.024	0.651	0.651
Fbxl17	-0.026	0.861	0.861
Fbxo6	-0.032	0.789	0.789
Afdn	0.017	0.774	0.774
Uts2	0.093	0.191	0.191
Ldha	-0.028	0.653	0.653
Macroh2a1	-0.091	0.209	0.209
Rnf25	-0.38	0.00689	0.00689
Col4a4	-0.418	0.0345	0.0345
Col4a3	0.105	0.537	0.537
Numb	-0.017	0.812	0.812
Nphs1	-0.007	0.957	0.957
Sh2d3c	0.19	0.514	0.514
Srr	0.101	0.123	0.123
Mvk	-0.219	0.0203	0.0203
Ctsf	0.146	0.558	0.558
HVM51_MOUSE	-0.23	0.499	0.499
Zranb2	-0.109	0.262	0.262
Amfr	0.289	0.0226	0.0226
Nubp1	0.012	0.966	0.966
Nubp2	-0.046	0.804	0.804
Gyg1	0.141	0.109	0.109
Bcam	0.013	0.851	0.851
Prkab1	-0.306	0.0292	0.0292
Gpc6	-0.015	0.919	0.919
Tk2	0.196	0.0564	0.0564
Tbl2	0.046	0.656	0.656
Nr3c1	-0.282	0.189	0.189
Pex14	0.074	0.374	0.374
Clcn2	0.285	0.385	0.385
Wdr54	0.011	0.913	0.913
Zeb2	0.286	0.0699	0.0699
Acox1	0.228	0.0152	0.0152
Emcn	0.532	0.0304	0.0304
Ylpm1	-0.168	0.0247	0.0247
Atp2b2	-0.003	0.96	0.96
Pcm1	-0.382	0.0131	0.0131
Apoa4	0.168	0.349	0.349
Akap8l	0.2	0.344	0.344
Celsr2	0.073	0.378	0.378
Podxl	0.121	0.0564	0.0564
Tpk1	-1.16	0.025	0.025
Rab9a	0.095	0.322	0.322
Slc35a2	-0.486	0.169	0.169
Galk1	0.035	0.623	0.623
Syt11	-0.045	0.43	0.43
Syt5	0.071	0.434	0.434
Syt7	0.112	0.224	0.224
Gpi	0.018	0.687	0.687
Syt6	0.157	0.629	0.629
Esd	-0.077	0.291	0.291
Smap	-0.021	0.833	0.833
Dstn	0.265	0.00377	0.00377
Sec11a	-0.274	0.00372	0.00372
Uchl1	-0.029	0.629	0.629
Tmed2	0.094	0.273	0.273
Arpc1a	0.026	0.627	0.627
Ptges3	-0.063	0.257	0.257
Mpdu1	0.152	0.395	0.395
Ctsl	0.164	0.284	0.284
Mmp17	0.1	0.228	0.228
Srsf10	0.054	0.718	0.718
Acot9	0.089	0.0946	0.0946
Rpgr	0.273	0.095	0.095
Ak1	-0.01	0.873	0.873
Gda	0.05	0.405	0.405
Sqor	0.035	0.618	0.618
Htra1	0.456	0.188	0.188
Cbln1	0.13	0.288	0.288
Mta2	0.078	0.35	0.35
Me1	-0.031	0.562	0.562
Cry2	-0.25	0.238	0.238
Dgke	-0.03	0.731	0.731
Prpf40a	0.33	0.0403	0.0403
Enpp2	0.049	0.733	0.733
Nsdhl	0.008	0.898	0.898
Cetn2	0.058	0.563	0.563
Mast1	-0.111	0.0855	0.0855
Psma4	-0.045	0.465	0.465
Psmb3	-0.272	0.00293	0.00293
Psmb2	0	1	1
Enpp1	0.447	0.0917	0.0917
Psma1	0.022	0.657	0.657
Plp2	0.204	0.0713	0.0713
Tagln3	0.036	0.475	0.475
Atp6ap1	0.014	0.825	0.825
Trim3	-0.05	0.418	0.418
Capn7	0.033	0.901	0.901
Sae1	0.065	0.237	0.237
Septin6	0.044	0.507	0.507
Adam11	-0.151	0.0569	0.0569
Adam22	-0.045	0.51	0.51
Gap43	-0.021	0.75	0.75
Adam23	-0.098	0.24	0.24
Pts	0.073	0.488	0.488
Sorbs3	-0.023	0.926	0.926
Khdrbs3	0.027	0.71	0.71
Tapbp	-0.845	0.0468	0.0468
Hebp1	0.108	0.322	0.322
Myo1c	-0.015	0.848	0.848
Gpaa1	-0.189	0.0428	0.0428
Stk11	-0.067	0.622	0.622
Lypla2	-0.196	0.0198	0.0198
Las1l	0.205	0.446	0.446
Cfh	0.222	0.0334	0.0334
Ruvbl2	-0.09	0.208	0.208
Ggps1	0.024	0.761	0.761
Spry4	-0.532	0.134	0.134
Ak2	0.105	0.0995	0.0995
Ak3	0.157	0.0242	0.0242
Akap12	0.107	0.162	0.162
Timm23	-0.084	0.68	0.68
Trpv2	-0.089	0.201	0.201
Cdh13	0.033	0.749	0.749
Slc7a11	0.008	0.963	0.963
S100a4	-0.625	0.484	0.484
Fut8	-0.062	0.822	0.822
Tenm1	-0.104	0.257	0.257
Tenm2	-0.177	0.034	0.034
Atp6v1g2	0.051	0.314	0.314
Scn8a	-0.15	0.119	0.119
Mapk9	-0.017	0.856	0.856
Prkra	-0.096	0.197	0.197
Skp1	0.055	0.401	0.401
Cul1	0.069	0.276	0.276
Mad1l1	-0.018	0.907	0.907
Sparc	0.015	0.926	0.926
Rnf7	0.086	0.679	0.679
Khdrbs2	-0.011	0.936	0.936
Ptpn4	-0.035	0.679	0.679
Pfdn5	0.105	0.182	0.182
Lemd3	-0.088	0.562	0.562
Ncor2	-0.142	0.125	0.125
Pus1	0.462	0.343	0.343
Atrn	-0.068	0.681	0.681
Pdcd6ip	0.019	0.75	0.75
Prodh	0.146	0.0526	0.0526
Ttr	0.138	0.433	0.433
Ccs	0.1	0.445	0.445
Farsb	-0.013	0.819	0.819
Pfkp	0.037	0.437	0.437
Akt3	-0.187	0.0175	0.0175
Rbck1	-0.086	0.622	0.622
Pygm	0.134	0.218	0.218
Dctn6	-0.045	0.584	0.584
Ly6h	0.069	0.41	0.41
Stub1	0.094	0.153	0.153
Faim	0.374	0.338	0.338
Ckm	0.023	0.925	0.925
Cyb561d2	0.927	0.0321	0.0321
Tmem115	-0.009	0.976	0.976
Mapk11	-0.321	0.191	0.191
Eif4h	-0.041	0.532	0.532
Zbtb18	0.551	0.261	0.261
Arl3	0.027	0.627	0.627
Coro1b	-0.023	0.651	0.651
Coro1c	0.086	0.181	0.181
Suclg1	0.097	0.112	0.112
Tbk1	-0.052	0.534	0.534
Anxa2	0.361	0.0718	0.0718
Uchl5	-0.037	0.518	0.518
Preb	-0.051	0.515	0.515
Eci2	0.133	0.0634	0.0634
Ak4	0.047	0.533	0.533
Rps6ka2	-0.82	0.000651	0.000651
Ctsz	-0.054	0.674	0.674
Tnip1	-0.271	0.436	0.436
Rbmx	0.053	0.63	0.63
Gabbr1	0.018	0.729	0.729
Atp1a4	-0.198	0.113	0.113
Alb	0.617	0.0241	0.0241
Nfat5	-0.349	0.0812	0.0812
Arc	-0.032	0.791	0.791
Arpc1b	-0.299	0.0286	0.0286
Mpp2	0.062	0.258	0.258
Asah1	0.022	0.628	0.628
Vapa	0.005	0.916	0.916
Gsk3b	-0.02	0.662	0.662
Decr2	-0.009	0.948	0.948
Dmtn	-0.02	0.678	0.678
Snx1	0.036	0.483	0.483
Serpina1a	0.135	0.249	0.249
Nme3	0.161	0.04	0.04
Ptgfrn	0.069	0.675	0.675
Epb41l3	-0.004	0.941	0.941
Phlda3	-0.897	0.0283	0.0283
Timm10b	0.046	0.426	0.426
Timm9	0.079	0.155	0.155
Timm8a1	0.189	0.0237	0.0237
Bub3	-0.025	0.696	0.696
Tagln2	0.138	0.35	0.35
Serpina3k	0.402	0.0506	0.0506
Pacsin2	-0.003	0.953	0.953
Tusc2	0.081	0.326	0.326
Carm1	0.064	0.435	0.435
Foxo3	-0.073	0.366	0.366
Fbln5	0.871	0.186	0.186
Mapk8ip1	-0.112	0.552	0.552
Kcnh3	0.921	0.0459	0.0459
Psmd13	-0.076	0.204	0.204
Crybb1	0.063	0.534	0.534
Ehd1	-0.005	0.942	0.942
Hsp90aa1	-0.028	0.622	0.622
Cyp46a1	-0.024	0.704	0.704
Gstz1	0.135	0.139	0.139
Ap4s1	0.801	0.164	0.164
Stat2	-0.868	0.0218	0.0218
Anapc7	-0.352	0.106	0.106
Magi2	-0.007	0.883	0.883
Apip	-0.097	0.341	0.341
Fxr2	-0.073	0.295	0.295
Ca14	-0.056	0.645	0.645
Ncdn	0.062	0.258	0.258
Arid1a	-0.168	0.0414	0.0414
Ercc1	-0.743	0.0953	0.0953
Gbp2	-0.894	0.0542	0.0542
Sncg	-0.151	0.341	0.341
Gipc1	0.086	0.213	0.213
Smarcb1	-0.036	0.772	0.772
Celf2	0.11	0.0796	0.0796
Clip2	-0.05	0.372	0.372
Npc2	-0.136	0.402	0.402
Nos1	-0.07	0.381	0.381
Tpbg	0.388	0.126	0.126
Lipa	-0.013	0.915	0.915
Phkg1	-0.008	0.959	0.959
Eif2s3x	-0.137	0.0629	0.0629
Eif2s3y	0.287	0.164	0.164
Palm	0.046	0.396	0.396
Twf2	0.022	0.633	0.633
Itsn1	-0.066	0.194	0.194
Itsn2	-0.061	0.368	0.368
Fads2	-0.022	0.921	0.921
Bpnt1	0.171	0.0297	0.0297
Cldn10	0.256	0.122	0.122
Rabac1	0.139	0.392	0.392
Pdia4	-0.184	0.0552	0.0552
Tjp2	-0.089	0.318	0.318
Kcnd3	0.091	0.466	0.466
Kcnd2	0.171	0.106	0.106
Timm17b	-0.113	0.609	0.609
Timm17a	-0.408	0.00204	0.00204
Nup160	0.011	0.961	0.961
Aifm1	0.08	0.214	0.214
Dctn3	0.012	0.856	0.856
Heph	0.444	0.0264	0.0264
Adnp	0.025	0.838	0.838
Aprt	0.086	0.124	0.124
Stau1	-0.227	0.0123	0.0123
Aldh18a1	-0.014	0.818	0.818
Sema4f	0.17	0.385	0.385
Pf4	0.915	0.157	0.157
Slc7a5	-0.113	0.228	0.228
Hnrnpdl	-0.083	0.272	0.272
Sh3bp5	0.446	0.734	0.734
Cpne6	0.148	0.0619	0.0619
Cog1	-0.336	0.494	0.494
Sumo3	-0.025	0.931	0.931
Spta1	0.428	0.113	0.113
Dyrk1b	0.012	0.969	0.969
Plcb1	0.011	0.837	0.837
Eif3g	0.02	0.752	0.752
Gys1	-0.206	0.0445	0.0445
Uba2	0.057	0.521	0.521
Atp6v1c1	-0.027	0.623	0.623
Atp6v0a1	0.058	0.312	0.312
Nek4	-0.041	0.793	0.793
Nfs1	0.042	0.398	0.398
Arih1	-0.06	0.433	0.433
Arih2	0.278	0.554	0.554
Apc2	0.405	0.307	0.307
Syngr4	0.01	0.971	0.971
Cacna2d3	0.125	0.151	0.151
P2rx7	0.12	0.755	0.755
Ik	-0.017	0.753	0.753
Ddx39b	0.012	0.834	0.834
Unc13b	-0.219	0.561	0.561
Ndufa7	0.026	0.618	0.618
Kank3	0.132	0.101	0.101
Ltf	0.339	0.254	0.254
Abhd16a	-0.006	0.908	0.908
Clic1	-0.045	0.716	0.716
Vars1	-0.04	0.445	0.445
Bag6	0	0.995	0.995
D17h6s53e	-0.17	0.0874	0.0874
Rasgrp1	0.05	0.588	0.588
Septin3	0.036	0.514	0.514
Gab2	0.12	0.519	0.519
Ap3b1	0.069	0.153	0.153
Pikfyve	0.069	0.502	0.502
Hck	-0.165	0.334	0.334
Stk39	0.078	0.281	0.281
Ptdss2	-0.177	0.495	0.495
Ilf3	0.013	0.834	0.834
Uso1	-0.034	0.532	0.532
Strap	0.029	0.604	0.604
Hnrnpc	0.02	0.741	0.741
Pex11b	-0.235	0.0144	0.0144
Dpp6	0.041	0.45	0.45
Mocs2	0.256	0.363	0.363
Mocs2	0.288	0.437	0.437
Hsp90b1	-0.201	0.0265	0.0265
Fxyd1	-0.908	0.00268	0.00268
Fkbp9	0.083	0.758	0.758
Ube2a	-0.383	0.0412	0.0412
Snapin	0.155	0.291	0.291
Rasal1	0.079	0.318	0.318
Rlbp1	0.012	0.871	0.871
Baz1b	0.022	0.913	0.913
Pdpk1	-0.147	0.0469	0.0469
Ate1	0.038	0.757	0.757
Dgat1	0.238	0.256	0.256
Col4a2	0.172	0.614	0.614
Rps6ka4	0.265	0.262	0.262
Mtmr1	0.074	0.293	0.293
Mtm1	0.054	0.794	0.794
Mtmr7	0.109	0.0978	0.0978
Mtmr9	0.035	0.621	0.621
Mtmr2	0.082	0.464	0.464
Gsdme	0.083	0.371	0.371
Mecp2	0.106	0.105	0.105
Mbd3	0.308	0.167	0.167
Mbd1	-0.254	0.564	0.564
Kalrn	0.041	0.393	0.393
Apoe	0.053	0.432	0.432
Bscl2	-0.1	0.327	0.327
Bnip3l	-0.205	0.405	0.405
Fem1aa	-0.38	0.242	0.242
Sel1l	0.035	0.707	0.707
Htatip2	-0.055	0.872	0.872
Rgs6	0.016	0.844	0.844
Epb41l1	0.019	0.672	0.672
Letm1	0.021	0.65	0.65
Fkbp1b	0.133	0.124	0.124
Sod1	0.036	0.509	0.509
Suclg2	0.042	0.519	0.519
Sucla2	-0.005	0.91	0.91
Minpp1	-0.289	0.278	0.278
Crlf3	-0.184	0.0721	0.0721
Ubl3	-0.002	0.98	0.98
Pmm2	0.067	0.403	0.403
Actl6a	-0.285	0.331	0.331
Mrpl40	-0.091	0.144	0.144
Septin5	0.079	0.134	0.134
Unc119	0.08	0.769	0.769
Mdh2	-0.005	0.923	0.923
Tsc22d3	-0.123	0.167	0.167
Psma7	-0.01	0.843	0.843
Psma5	0.105	0.0692	0.0692
Hdac6	-0.049	0.47	0.47
Hdac5	-0.201	0.112	0.112
Dnpep	0.013	0.82	0.82
Stk25	0.036	0.746	0.746
Gria4	-0.148	0.12	0.12
Gria3	-0.056	0.386	0.386
Hnrnpf	-0.038	0.624	0.624
Camk4	-0.022	0.703	0.703
Psmd10	0.074	0.731	0.731
Keap1	0.309	0.394	0.394
Homer1	0.07	0.216	0.216
Plpbp	-0.07	0.365	0.365
Slc25a20	0.075	0.43	0.43
Sart1	-0.016	0.857	0.857
Top3b	1.162	0.0715	0.0715
Kcnq2	-0.077	0.413	0.413
Osbpl10	-0.011	0.898	0.898
Pdf	0.271	0.0286	0.0286
Nefl	-0.138	0.289	0.289
Slc8a3	0.367	0.164	0.164
Nefm	-0.193	0.162	0.162
Nras	-0.127	0.353	0.353
Gnai2	0.038	0.584	0.584
Polr2a	-0.116	0.454	0.454
Itgb1	0.044	0.677	0.677
Bltp3b	-0.043	0.639	0.639
P4hb	-0.03	0.53	0.53
Cck	0.132	0.151	0.151
Alpl	0.308	0.19	0.19
Ncl	-0.006	0.901	0.901
Pgk1	0.03	0.511	0.511
Ace	0.371	0.173	0.173
Fth1	-0.061	0.628	0.628
Myl4	-0.311	0.00546	0.00546
Csf1r	0.556	0.203	0.203
Hmgn2	-0.338	0.196	0.196
Dennd5b	-0.124	0.153	0.153
Sod2	-0.009	0.88	0.88
Apoa2	0.395	0.0821	0.0821
Surf1	-0.061	0.56	0.56
Nudt10	-0.17	0.203	0.203
Chmp6	0.164	0.0432	0.0432
H2az1	0.225	0.069	0.069
Lrrc4b	0.017	0.748	0.748
Igsf11	0.285	0.0371	0.0371
Wipf3	0.249	0.00623	0.00623
Gpatch8	0.123	0.267	0.267
Tyw5	0.048	0.819	0.819
Clec2l	-0.08	0.494	0.494
Atxn1l	0.001	0.997	0.997
OCC1_MOUSE	0.291	0.306	0.306
Derpc	-0.214	0.494	0.494
Ly6c1	-0.056	0.819	0.819
Nrxn1	-0.027	0.686	0.686
Pet100	-0.423	0.143	0.143
Ndufb1	0.083	0.272	0.272
Tmem254	-0.017	0.967	0.967
Fbxl16	0.046	0.438	0.438
Ifi204	1.448	0.33	0.33
Calm1	-0.017	0.747	0.747
Lynx1	0.052	0.6	0.6
Anxa1	0.857	0.0675	0.0675
Eef1a1	-0.152	0.0139	0.0139
Nid1	0.118	0.218	0.218
Alad	-0.196	0.0142	0.0142
Ctsb	0.166	0.0526	0.0526
Eif4a2	-0.13	0.0363	0.0363
Mapt	-0.09	0.142	0.142
Rsrc2	0.157	0.741	0.741
Txn	0.056	0.274	0.274
Gstm1	0.205	0.0242	0.0242
Tcea1	0.017	0.881	0.881
Rras	-0.168	0.336	0.336
Slc3a2	0.049	0.301	0.301
H1-0	-0.279	0.15	0.15
Sub1	0.112	0.0763	0.0763
Col1a1	0.199	0.168	0.168
Parp1	-0.007	0.92	0.92
Fn1	0.257	0.0968	0.0968
Palm3	-0.613	0.224	0.224
Gpx1	0.221	0.0146	0.0146
Fabp3	0.022	0.647	0.647
Lamp1	-0.01	0.934	0.934
Hsp90ab1	-0.111	0.0592	0.0592
Dmd	-0.093	0.426	0.426
Mup2	0.048	0.909	0.909
L1cam	0.025	0.667	0.667
Camk2a	0.015	0.781	0.781
Itgb2	-0.108	0.461	0.461
Itpr1	-0.057	0.309	0.309
Nt5c1a	-0.76	0.192	0.192
Nudt19	0.876	0.148	0.148
Tcp1	-0.054	0.332	0.332
App	-0.041	0.476	0.476
Prkar2a	0.003	0.957	0.957
Pfkl	-0.052	0.402	0.402
Chrm1	0.227	0.201	0.201
Calb1	-0.011	0.873	0.873
Cox5a	-0.071	0.274	0.274
Pdcd6	0.018	0.855	0.855
Prkar1b	0.003	0.967	0.967
Tbc1d8b	-0.441	0.177	0.177
Cntn1	0.033	0.485	0.485
Scg5	0.124	0.509	0.509
Rpl7a	-0.231	0.27	0.27
Scd2	-0.039	0.837	0.837
Gsn	-0.002	0.98	0.98
Umps	0.019	0.816	0.816
Il1r1	0.018	0.912	0.912
Ncam1	0.054	0.344	0.344
Icam1	-1.129	0.00226	0.00226
Ca1	0.348	0.0517	0.0517
Ttc38	0.174	0.262	0.262
Gpd1	0.12	0.0864	0.0864
Dnmt1	-0.224	0.38	0.38
S100a6	-0.046	0.849	0.849
Atp1b1	-0.082	0.173	0.173
C1qb	0.16	0.367	0.367
Rpl27a	-0.181	0.193	0.193
Rps16	-0.141	0.178	0.178
Rpl7	-0.156	0.251	0.251
Mdh1	-0.03	0.59	0.59
Ttll7	0.086	0.674	0.674
Rpsa	-0.129	0.1	0.1
Calr	-0.103	0.0826	0.0826
Atp1b2	0.161	0.171	0.171
Srp54	-0.108	0.339	0.339
Hspb1	0.052	0.539	0.539
Psmd3	-0.105	0.057	0.057
Il1rl1	2.705	3.12E-05	3.12E-05
Lmnb1	0.077	0.134	0.134
Anxa6	-0.03	0.532	0.532
Rplp0	-0.001	0.983	0.983
Mtr	-0.283	0.199	0.199
Map1b	-0.039	0.437	0.437
Jund	0.302	0.321	0.321
Glul	0.153	0.104	0.104
Cdh2	0.058	0.299	0.299
Insr	0.274	0.0269	0.0269
Ntrk2	-0.023	0.659	0.659
Bpgm	0.417	0.00223	0.00223
Prph	0.237	0.059	0.059
Cd44	-0.019	0.928	0.928
Kcnc1	-0.191	0.0519	0.0519
Exoc6b	0.032	0.546	0.546
Sptb	0.106	0.13	0.13
Nme1	-0.033	0.55	0.55
Gstm2	-0.229	0.446	0.446
H1-2	-0.213	0.102	0.102
Atp6v0a2	-0.331	0.103	0.103
Chgb	0.121	0.261	0.261
Lgals1	0.044	0.723	0.723
Prkce	0.04	0.479	0.479
Fgfr1	-0.858	0.00308	0.00308
Cdr2l	-0.061	0.754	0.754
Mipep	0.139	0.386	0.386
Ldhb	-0.038	0.481	0.481
Srp14	-0.167	0.644	0.644
Slc4a3	-0.139	0.185	0.185
Lcat	-1.035	0.0531	0.0531
Cnp	-0.135	0.263	0.263
Mmut	0.056	0.458	0.458
Kcna1	-0.091	0.337	0.337
Kcna3	0.238	0.226	0.226
Enpep	0.046	0.844	0.844
Ass1	0.066	0.521	0.521
Armt1	-0.074	0.293	0.293
Sptan1	0.038	0.415	0.415
Ctsa	0.106	0.169	0.169
Gapdh	0.094	0.135	0.135
Atf2	-0.071	0.817	0.817
Lamp2	0.107	0.234	0.234
Hmga1	-0.011	0.867	0.867
Hspa2	0.141	0.125	0.125
Eno1	-0.016	0.742	0.742
Eno2	0.064	0.27	0.27
Ptbp1	-0.369	0.27	0.27
Rabgap1l	0.123	0.366	0.366
Ap2a1	0.026	0.623	0.623
Ap2a2	0.029	0.561	0.561
Gba1	0.141	0.537	0.537
Selenbp1	0.205	0.0122	0.0122
Cox7c	0.192	0.028	0.028
Hk1	0.037	0.453	0.453
Ppia	-0.015	0.794	0.794
Tpi1	0.027	0.549	0.549
Slc2a1	0.085	0.477	0.477
Hspa1b	0.206	0.0114	0.0114
Kcnb2	-0.02	0.821	0.821
Pcna	0.14	0.583	0.583
Ptpra	-0.047	0.483	0.483
Ctsd	0.032	0.525	0.525
Bsg	0.042	0.443	0.443
Slc7a2	0.147	0.416	0.416
Rps6ka1	0.065	0.795	0.795
Rps6ka3	-0.012	0.919	0.919
Cfl1	0.071	0.258	0.258
Phka1	0.163	0.331	0.331
Dpy19l1	-0.34	0.0181	0.0181
Gnao1	0.032	0.524	0.524
Fasn	-0.119	0.0706	0.0706
Lama1	0.063	0.76	0.76
Gstp1	0.011	0.874	0.874
F2	0.126	0.505	0.505
Nefh	-0.073	0.506	0.506
Rpl13a	-0.183	0.164	0.164
Mpv17	0.17	0.159	0.159
Serpinh1	-0.423	0.000865	0.000865
Nelfe	0.124	0.444	0.444
Itih4	0.674	0.00441	0.00441
Cox5b	0.088	0.235	0.235
Cox4i1	0.057	0.361	0.361
Lsp1	-0.567	0.121	0.121
Hspa5	-0.184	0.0421	0.0421
Hexb	-0.055	0.294	0.294
Tmsb4x	-0.182	0.0326	0.0326
Prdx3	0.051	0.381	0.381
Vim	0.039	0.851	0.851
F3	-0.077	0.256	0.256
Map2	-0.023	0.603	0.603
Sec14l1	0.195	0.0322	0.0322
Sag	-0.206	0.41	0.41
Prkca	-0.058	0.505	0.505
Fcer1g	-0.162	0.396	0.396
Mag	-0.107	0.377	0.377
Plg	0.194	0.109	0.109
Evi2a	-0.624	0.099	0.099
Tpm3	0.017	0.763	0.763
Ubl4a	-0.054	0.343	0.343
Gna11	-0.026	0.668	0.668
Gnaq	0.01	0.855	0.855
Nlgn4l	-0.065	0.567	0.567
Akr1b7	0.082	0.685	0.685
Abcb1a	0.067	0.373	0.373
Cst3	-0.053	0.491	0.491
Gc	0.329	0.126	0.126
Lmnb2	0.01	0.864	0.864
Pcsk2	0.212	0.0303	0.0303
Ache	0.138	0.128	0.128
Mfge8	-0.061	0.773	0.773
Tgm2	0.034	0.78	0.78
Emb	0.156	0.285	0.285
Ptprs	0.01	0.864	0.864
Fech	0.014	0.844	0.844
Ptgs1	-0.932	0.00313	0.00313
Serpina1b	0.192	0.526	0.526
Cbl	0.056	0.728	0.728
Gabrg2	-0.042	0.611	0.611
Ap1g1	-0.034	0.471	0.471
Hmbs	0.17	0.276	0.276
Gabrd	-0.042	0.528	0.528
Eif3a	-0.048	0.327	0.327
Cbx3	0.083	0.194	0.194
Cisd3	0.099	0.206	0.206
Gja1	0.08	0.32	0.32
Pnp	-0.054	0.584	0.584
Pcmt1	0.102	0.0991	0.0991
Gfus	0.078	0.193	0.193
Glb1	-0.041	0.465	0.465
Gria1	0.083	0.201	0.201
Gria2	-0.011	0.82	0.82
Cryab	-0.347	0.0268	0.0268
Ces1c	0.624	0.0318	0.0318
Cat	0.2	0.0592	0.0592
Nhsl3	-0.066	0.54	0.54
Grik3	-0.176	0.144	0.144
Bcat1	-0.053	0.47	0.47
Ppib	-0.063	0.269	0.269
Capg	-0.305	0.0472	0.0472
Cyp2d11	0.101	0.719	0.719
Gsta4	0.023	0.754	0.754
Lta4h	0.07	0.28	0.28
Impdh2	-0.038	0.573	0.573
Aldh1a1	0.143	0.255	0.255
Acp2	0.113	0.171	0.171
M6pr	0.005	0.951	0.951
Ptpru	0.28	0.217	0.217
Cdk11b	-0.14	0.458	0.458
Rps2	-0.137	0.161	0.161
Timp2	0.485	0.167	0.167
Lyn	-0.371	0.239	0.239
Ubtf	-0.121	0.522	0.522
Tln1	0.069	0.289	0.289
Ezr	0.036	0.487	0.487
Msn	-0.116	0.348	0.348
Rdx	-0.032	0.567	0.567
Gabra2	-0.101	0.414	0.414
Uprt	-0.362	0.0191	0.0191
Gabra3	0.115	0.108	0.108
Ctnna1	0.036	0.527	0.527
Chga	-0.501	0.012	0.012
Ptma	-0.047	0.513	0.513
U2af2	-0.041	0.444	0.444
Glud1	0.079	0.142	0.142
Pik3r1	0.127	0.0791	0.0791
Psmd7	-0.053	0.428	0.428
Sars1	-0.029	0.538	0.538
Scn2a	-0.089	0.156	0.156
Marcks	-0.038	0.619	0.619
Fkbp1a	-0.117	0.112	0.112
Man2a1	0.621	0.455	0.455
Snrpb	0.117	0.175	0.175
Cers1	-0.087	0.48	0.48
Map4	-0.164	0.0189	0.0189
Gna12	-0.393	0.0647	0.0647
Gna13	0.02	0.755	0.755
Plaa	-0.044	0.372	0.372
Xrcc5	-0.087	0.707	0.707
Nhsl2	-0.082	0.513	0.513
Rpl3	-0.044	0.462	0.462
Rasgrf1	-0.005	0.934	0.934
Pdia3	-0.12	0.0657	0.0657
Braf	-0.061	0.403	0.403
Psmb8	0.054	0.87	0.87
Mt3	-0.149	0.408	0.408
Aco1	-0.006	0.915	0.915
Apex1	-0.117	0.184	0.184
Adh5	-0.021	0.74	0.74
Slc6a9	-0.02	0.828	0.828
Tomm5	0.113	0.272	0.272
Adss1	-0.101	0.211	0.211
Ca8	-0.451	0.152	0.152
Camk2b	0.016	0.745	0.745
Bgn	1.081	0.0109	0.0109
Dcn	-0.253	0.244	0.244
Nap1l1	0.021	0.827	0.827
Atxn10	-0.005	0.944	0.944
Celf1	-0.025	0.724	0.724
Nckap1	-0.004	0.939	0.939
Septin4	0.046	0.445	0.445
Frrs1l	-0.014	0.795	0.795
Napb	0.048	0.345	0.345
Mug1	0.694	0.026	0.026
Marcksl1	-0.102	0.332	0.332
Kif5c	0.003	0.961	0.961
Kif2a	-0.014	0.796	0.796
Kif3a	0.039	0.565	0.565
Grn	0.244	0.396	0.396
Ptprm	0.15	0.169	0.169
Prkcd	0.048	0.652	0.652
Nfx1	-0.1	0.82	0.82
Pabpc1	-0.03	0.582	0.582
Gnb4	0.011	0.87	0.87
Ftl1	0.439	0.253	0.253
Hexa	0.091	0.411	0.411
Vcam1	-0.109	0.0888	0.0888
Nedd8	0.116	0.169	0.169
Ahsg	0.147	0.42	0.42
Oat	-0.054	0.449	0.449
Vtn	0.561	0.0716	0.0716
Usp24	-0.18	0.0721	0.0721
Ckmt1	-0.006	0.919	0.919
Fkbp4	-0.168	0.0325	0.0325
Hmgb2	-0.041	0.725	0.725
Sstr2	-0.135	0.548	0.548
Ctnnd1	0.028	0.648	0.648
Des	0.285	0.0616	0.0616
Aimp1	-0.093	0.0975	0.0975
Prkar2b	0.064	0.276	0.276
Slc6a1	-0.057	0.364	0.364
Tmem245	0.229	0.0667	0.0667
Slc6a13	0.626	0.0172	0.0172
Slc6a11	-0.066	0.547	0.547
Akt1	0.008	0.961	0.961
Dbi	-0.026	0.699	0.699
Ceacam1	-0.992	0.151	0.151
Map2k1	0.063	0.337	0.337
Scp2	0.052	0.329	0.329
Slc2a3	0.023	0.638	0.638
Ssb	-0.024	0.672	0.672